LeagueID,DivisionID,DivisionName,GameID,Date,Time,LocationID,LocationName,VisitingTeamID,VisitingTeamName,HomeTeamID,HomeTeamName,UmpireID1,UmpireID2,UmpireID3,UmpireID4,Headline,GameSummary,Status,1st - Away,2nd - Away,3rd - Away,4th - Away,5th - Away,6th - Away,7th - Away,8th - Away,Runs - Away,Hits - Away,Errors - Away,1st - Home,2nd - Home,3rd - Home,4th - Home,5th - Home,6th - Home,7th - Home,8th - Home,Runs - Home,Hits - Home,Errors - Home,Innings Played,TimeTBA,ScheduleComments,EndTime,GameNo
308183,791907,2017 BWB Season,23457097,4/2/2017,1/1/1900 2:00:00 PM,1935784,Brookside Field,5979589,Bluefish,5979592,Panthers,,,,,,,1,0,5,1,0,0,0,0,0,6,7,0,0,12,0,0,0,0,0,0,12,10,0,3,0,Opening Day,1/1/1900 3:00:00 PM,1
308183,791907,2017 BWB Season,23504096,4/5/2017,1/1/1900 6:00:00 PM,1935784,Brookside Field,5979589,Bluefish,5979594,Mustangs,,,,,,,1,5,0,4,0,0,0,0,0,9,6,0,3,3,2,0,0,0,0,0,8,6,0,3,0,,1/1/1900 7:00:00 PM,2
308183,791907,2017 BWB Season,23511517,4/7/2017,1/1/1900 5:00:00 PM,1935784,Brookside Field,5979594,Mustangs,5979593,Wildcats,,,,,,,1,7,11,1,0,0,0,0,0,19,9,0,12,5,3,0,0,0,0,0,20,17,0,3,0,,1/1/1900 6:00:00 PM,3
308183,791907,2017 BWB Season,23511519,4/7/2017,1/1/1900 6:00:00 PM,1935784,Brookside Field,5979589,Bluefish,5979592,Panthers,,,,,,,1,7,4,3,0,0,0,0,0,14,10,0,0,3,12,0,0,0,0,0,15,13,0,3,0,,1/1/1900 7:00:00 PM,4
308183,791907,2017 BWB Season,23589826,4/14/2017,1/1/1900 1:00:00 PM,1935784,Brookside Field,5979593,Wildcats,5979591,Hogriders,,,,,,,1,6,6,3,0,0,0,0,0,15,12,0,1,1,0,0,0,0,0,0,2,4,0,3,0,,1/1/1900 2:00:00 PM,5
308183,791907,2017 BWB Season,23589908,4/14/2017,1/1/1900 2:00:00 PM,1935784,Brookside Field,5979592,Panthers,5979594,Mustangs,,,,,,,1,5,2,3,0,0,0,0,0,10,8,0,1,2,5,0,0,0,0,0,8,4,0,3,0,,1/1/1900 3:00:00 PM,6
308183,791907,2017 BWB Season,23726695,4/28/2017,1/1/1900 5:00:00 PM,1935784,Brookside Field,5979592,Panthers,5979594,Mustangs,,,,,,,1,0,8,8,0,0,0,0,0,16,6,0,7,1,4,0,0,0,0,0,12,6,0,3,0,,1/1/1900 6:00:00 PM,7
308183,791907,2017 BWB Season,23726923,4/28/2017,1/1/1900 7:00:00 PM,1935784,Brookside Field,5979593,Wildcats,5979594,Mustangs,,,,,,,1,6,4,6,1,0,0,0,0,17,12,0,8,0,8,2,0,0,0,0,18,10,0,4,0,,1/1/1900 8:30:00 PM,8
308183,791907,2017 BWB Season,23778880,5/5/2017,1/1/1900 4:00:00 PM,1935784,Brookside Field,5979594,Mustangs,5979590,Dashers,,,,,Cinco De Mayo!,,1,9,0,0,0,0,0,0,0,9,4,0,12,5,0,0,0,0,0,0,17,6,0,3,0,,1/1/1900 5:00:00 PM,9
308183,791907,2017 BWB Season,23778882,5/5/2017,1/1/1900 5:00:00 PM,1935784,Brookside Field,5979589,Bluefish,5979590,Dashers,,,,,Cinco De Mayo!,,1,0,0,7,0,0,0,0,0,7,0,0,7,0,3,0,0,0,0,0,10,0,0,3,0,,1/1/1900 6:00:00 PM,10
308183,791907,2017 BWB Season,23824011,5/14/2017,1/1/1900 11:20:00 AM,1935784,Brookside Field,5979594,Mustangs,5979591,Hogriders,,,,,Mustangs use the longball game to defeat the Hogs.,,1,6,3,3,0,0,0,0,0,12,12,0,4,1,3,0,0,0,0,0,8,10,0,3,0,,1/1/1900 12:00:00 PM,11
308183,791907,2017 BWB Season,23824014,5/14/2017,1/1/1900 1:00:00 PM,1935784,Brookside Field,5979593,Wildcats,5979591,Hogriders,,,,,10-run second lead Hogriders to first win.,,1,6,4,3,0,0,0,0,0,13,15,0,4,10,0,0,0,0,0,0,14,11,0,3,0,,1/1/1900 2:00:00 PM,12
308183,791907,2017 BWB Season,23824015,5/14/2017,1/1/1900 2:00:00 PM,1935784,Brookside Field,5979589,Bluefish,5979593,Wildcats,,,,,A clutch walk off homer ends a fierce pitching duel.,,1,0,2,0,2,0,0,0,0,4,6,0,0,1,1,4,0,0,0,0,6,5,0,4,0,,1/1/1900 3:00:00 PM,13
308183,791907,2017 BWB Season,23831821,5/15/2017,1/1/1900 5:15:00 PM,1935784,Brookside Field,5979592,Panthers,5979593,Wildcats,,,,,Peter goes perfect through 2 and homers 4 times to win.,,1,5,9,0,0,0,0,0,0,14,10,0,0,4,1,0,0,0,0,0,5,2,0,3,0,,1/1/1900 6:15:00 PM,14
308183,791907,2017 BWB Season,23854488,5/19/2017,1/1/1900 4:50:00 PM,1935784,Brookside Field,5979594,Mustangs,5979592,Panthers,,,,,AJ hits 5 homers and knocks in 13 to stun the Panthers.,,1,6,5,5,0,0,0,0,0,17,7,0,3,1,1,0,0,0,0,0,5,7,0,3,0,,1/1/1900 5:50:00 PM,15
308183,791907,2017 BWB Season,23854505,5/19/2017,1/1/1900 6:00:00 PM,1946419,The Claw,5979589,Bluefish,5979592,Panthers,,,,,Panthers patient in the 3rd lead to another win.,,1,2,0,5,0,0,0,0,0,7,0,0,2,0,6,0,0,0,0,0,8,0,0,3,0,,1/1/1900 7:00:00 PM,16
308183,791907,2017 BWB Season,23863491,5/21/2017,1/1/1900 1:45:00 PM,1935784,Brookside Field,5979590,Dashers,5979591,Hogriders,,,,,Vinny and Victor each go deep 4 times to outpower the Hogs.,,1,1,11,4,0,0,0,0,0,16,15,0,2,7,4,0,0,0,0,0,13,12,0,3,0,,1/1/1900 2:45:00 PM,17
308183,791907,2017 BWB Season,23863552,5/21/2017,1/1/1900 3:00:00 PM,1935784,Brookside Field,5979592,Panthers,5979590,Dashers,,,,,Jake has career game to defeat the streaking Dashers.,,1,4,4,12,0,0,0,0,0,20,17,0,0,14,4,0,0,0,0,0,18,3,0,3,0,,1/1/1900 4:00:00 PM,18
308183,791907,2017 BWB Season,23863601,5/21/2017,1/1/1900 3:45:00 PM,1935784,Brookside Field,5979593,Wildcats,5979592,Panthers,,,,,Jake uses the long ball to outlast the Wildcats,,1,8,8,1,0,0,0,0,0,17,10,0,11,7,0,0,0,0,0,0,18,16,0,3,0,,1/1/1900 4:45:00 PM,19
308183,791907,2017 BWB Season,23863602,5/21/2017,1/1/1900 4:45:00 PM,1935784,Brookside Field,5979590,Dashers,5979589,Bluefish,,,,,Victor pitches one hit gem to climb higher in the South.,,1,4,0,6,0,0,0,0,0,10,8,0,0,0,1,0,0,0,0,0,1,1,0,0,0,,1/1/1900 5:45:00 PM,20
308183,791907,2017 BWB Season,23885656,5/14/2017,1/1/1900 2:40:00 PM,1935784,Brookside Field,5979593,Wildcats,5979594,Mustangs,,,,,Griffin takes control of walks to take second place.,,1,3,1,5,0,0,0,0,0,9,4,0,3,8,0,0,0,0,0,0,11,2,0,3,0,,1/1/1900 3:40:00 PM,21
308183,791907,2017 BWB Season,23885660,5/26/2017,1/1/1900 5:15:00 PM,1935784,Brookside Field,5979590,Dashers,5979594,Mustangs,,,,,Griffin comes up clutch in the 3rd to comeback for the win.,,1,1,10,2,0,0,0,0,0,13,5,0,4,3,8,0,0,0,0,0,15,6,0,3,0,,1/1/1900 6:15:00 PM,22
308183,791907,2017 BWB Season,23885661,5/26/2017,1/1/1900 6:40:00 PM,1935784,Brookside Field,5979589,Bluefish,5979590,Dashers,,,,,Vinny rallies in the 3rd to stun the Bluefish.,,1,0,5,6,0,0,0,0,0,11,13,0,0,4,8,0,0,0,0,0,12,13,0,0,0,,1/1/1900 7:15:00 PM,23
308183,791907,2017 BWB Season,23887909,5/27/2017,1/1/1900 1:15:00 PM,1935784,Brookside Field,5979593,Wildcats,5979589,Bluefish,,,,,Evan is lights out in first 2017 shutout.,,1,3,2,0,0,0,0,0,0,5,6,0,0,0,0,0,0,0,0,0,0,1,0,3,0,,1/1/1900 1:45:00 PM,24
308183,791907,2017 BWB Season,23887910,5/27/2017,1/1/1900 1:50:00 PM,1935784,Brookside Field,5979592,Panthers,5979593,Wildcats,,,,,Peter hits three homers in the third to comeback to win.,,1,3,0,6,0,0,0,0,0,9,6,0,6,1,0,0,0,0,0,0,7,2,0,3,0,,1/1/1900 2:50:00 PM,25
308183,791907,2017 BWB Season,23887912,5/27/2017,1/1/1900 2:50:00 PM,1935784,Brookside Field,5979594,Mustangs,5979593,Wildcats,,,,,Evan pitches second shutout to tie the Stangs for second.,,1,0,0,0,0,0,0,0,0,0,4,0,0,6,0,0,0,0,0,0,6,6,0,0,0,,1/1/1900 2:30:00 PM,26
308183,791907,2017 BWB Season,23907979,6/1/2017,1/1/1900 5:30:00 PM,1935784,Brookside Field,5979594,Mustangs,5979589,Bluefish,,,,,Parker Hits Walk-Off To Sting Mustangs,,1,2,0,0,0,0,0,0,0,7,4,0,0,2,4,0,0,0,0,0,6,6,0,3,0,,1/1/1900 6:00:00 PM,27
308183,791907,2017 BWB Season,23907980,6/1/2017,1/1/1900 6:10:00 PM,1935784,Brookside Field,5979591,Hogriders,5979594,Mustangs,,,,,BOB uses walks and homers to put the Mustangs at bay.,,1,0,7,5,0,0,0,0,0,12,4,0,1,0,0,0,0,0,0,0,1,1,0,3,0,,1/1/1900 7:00:00 PM,28
308183,791907,2017 BWB Season,23953349,6/15/2017,1/1/1900 4:35:00 PM,1935784,Brookside Field,5979594,Mustangs,5979593,Wildcats,,,,,Griffin takes No-Hitter into the forth and comes up clutch.,,1,9,1,0,7,0,0,0,0,17,7,0,0,3,7,5,0,0,0,0,15,2,0,4,0,,1/1/1900 5:35:00 PM,30
308183,791907,2017 BWB Season,23953351,6/15/2017,1/1/1900 6:05:00 PM,1935784,Brookside Field,5979592,Panthers,5979593,Wildcats,,,,,Peter hits 8 home runs in 33 run marathon.,,1,5,4,11,0,0,0,0,0,20,13,0,3,2,8,0,0,0,0,0,13,9,0,3,0,,1/1/1900 6:45:00 PM,31
308183,791907,2017 BWB Season,23966064,6/20/2017,1/1/1900 12:30:00 PM,1935784,Brookside Field,5979589,Bluefish,5979591,Hogriders,,,,,Darien hits to a comeback victory.,,1,2,1,1,0,0,0,0,0,4,7,0,0,1,4,0,0,0,0,0,5,9,0,3,0,,1/1/1900 1:00:00 PM,32
308183,791907,2017 BWB Season,23966877,6/20/2017,1/1/1900 1:00:00 PM,1935784,Brookside Field,5979589,Bluefish,5979591,Hogriders,,,,,6-run second leads Bluefish to split doubleheader.,,1,0,6,1,0,0,0,0,0,7,1,0,2,2,2,0,0,0,0,0,6,9,0,3,0,,1/1/1900 2:00:00 PM,33
308183,791907,2017 BWB Season,23971892,6/21/2017,1/1/1900 11:35:00 AM,1946419,The Claw,5979591,Hogriders,5979592,Panthers,,,,,Jake has third straight multi homer game for 11th win.,,1,2,3,5,0,0,0,0,0,10,9,0,6,4,1,0,0,0,0,0,11,10,0,3,0,,1/1/1900 12:35:00 PM,34
308183,791907,2017 BWB Season,23976835,6/23/2017,1/1/1900 3:20:00 PM,1935784,Brookside Field,5979590,Dashers,5979593,Wildcats,,,,,Evan has a six homer game in comeback victory.,,1,3,8,8,0,0,0,0,0,19,18,0,6,7,7,0,0,0,0,0,20,14,0,3,0,,1/1/1900 4:20:00 PM,34
308183,791907,2017 BWB Season,23976837,6/23/2017,1/1/1900 4:30:00 PM,1935784,Brookside Field,5979592,Panthers,5979589,Bluefish,,,,,16-run inning propels Panthers to 12th win.,,1,3,2,16,0,0,0,0,0,21,21,0,2,6,10,0,0,0,0,0,18,12,0,3,0,,1/1/1900 5:30:00 PM,35
308183,791907,2017 BWB Season,24005271,7/7/2017,1/1/1900 6:00:00 PM,1952831,Westport Yards,5979591,Hogriders,5979589,Bluefish,,,,,Bennett Homers Twice And Knocks In 7 To Lead Riders To Win,,1,6,2,2,0,0,0,0,0,10,11,0,2,0,3,0,0,0,0,0,5,8,0,3,0,,1/1/1900 7:00:00 PM,36
308183,791907,2017 BWB Season,24007401,7/8/2017,1/1/1900 7:00:00 PM,1952831,Westport Yards,5979589,Bluefish,5979591,Hogriders,,,,,JB Hits Clutch Homer In Debut To Win Late,,1,5,2,2,6,0,0,0,0,15,16,0,2,5,2,5,0,0,0,0,14,13,0,3,0,,1/1/1900 8:00:00 PM,37
308183,791907,2017 BWB Season,24007404,7/9/2017,1/1/1900 1:00:00 PM,1952831,Westport Yards,5979591,Hogriders,5979589,Bluefish,,,,,Parker Hits Walk-Off Homer For A Fish Series Win,,1,3,3,0,0,0,0,0,0,6,10,0,5,0,2,0,0,0,0,0,7,8,0,3,0,,1/1/1900 1:30:00 PM,38
308183,791907,2017 BWB Season,24007852,7/9/2017,1/1/1900 6:10:00 PM,1935784,Brookside Field,5979592,Panthers,5979593,Wildcats,,,,,Evan Holds Peter To One Hit For First Series Win.,,1,0,6,1,0,0,0,0,0,7,2,0,4,3,2,0,0,0,0,0,9,7,0,3,0,,1/1/1900 7:10:00 PM,39
308183,791907,2017 BWB Season,24007853,7/9/2017,1/1/1900 7:15:00 PM,1935784,Brookside Field,5979593,Wildcats,5979592,Panthers,,,,,Peter Rallies For 7 In The Third To Split Twinbill,,1,3,6,1,0,0,0,0,0,10,10,0,5,2,7,0,0,0,0,0,14,7,0,3,0,,1/1/1900 7:50:00 PM,40
308183,791907,2017 BWB Season,24017190,7/12/2017,1/1/1900 6:15:00 PM,1935784,Brookside Field,5979589,Bluefish,5979594,Mustangs,,,,,AJ And Griffin Each Go Deep Twice In Slim Victory,,1,3,1,5,0,0,0,0,0,9,13,0,3,7,0,0,0,0,0,0,10,7,0,3,0,,1/1/1900 7:00:00 PM,41
308183,791907,2017 BWB Season,24017191,7/12/2017,1/1/1900 7:00:00 PM,1935784,Brookside Field,5979594,Mustangs,5979589,Bluefish,,,,,Griffin Dominance Pitching And Big Bats Lead Stangs To 2nd,,1,7,1,0,0,0,0,0,0,8,10,0,0,0,3,0,0,0,0,0,3,3,0,3,0,,1/1/1900 7:30:00 PM,42
308183,791907,2017 BWB Season,24035506,7/22/2017,1/1/1900 1:10:00 PM,1935784,Brookside Field,5979594,Mustangs,5979590,Dashers,,,,,Griffin's Patience Plus 3 Homers Lead Stangs To Victory,,1,6,8,9,0,0,0,0,0,23,7,0,7,11,3,0,0,0,0,0,21,5,0,3,0,,1/1/1900 2:00:00 PM,43
308183,791907,2017 BWB Season,24035507,7/22/2017,1/1/1900 2:30:00 PM,1935784,Brookside Field,5979590,Dashers,5979589,Bluefish,,,,,Vinny's 3 Homers Leads Dashers To Victory,,1,1,2,2,0,0,0,0,0,5,8,0,3,1,0,0,0,0,0,0,4,7,0,3,0,,1/1/1900 3:00:00 PM,44
308183,791907,2017 BWB Season,24038042,7/24/2017,1/1/1900 6:35:00 PM,1935784,Brookside Field,5979589,Bluefish,5979593,Wildcats,,,,,Parker Holds Wildcats To 2 Hits In First Shutout,,1,0,0,1,0,0,0,0,0,1,4,0,0,0,0,0,0,0,0,0,0,2,0,3,0,,1/1/1900 7:00:00 PM,45
308183,791907,2017 BWB Season,24038050,7/24/2017,1/1/1900 7:20:00 PM,1935784,Brookside Field,5979592,Panthers,5979594,Mustangs,,,,,Consistent Offense And Pitching Lead Panthers To Win,,1,6,7,6,0,0,0,0,0,19,8,0,7,4,7,0,0,0,0,0,18,5,0,3,0,,1/1/1900 8:00:00 PM,46
308183,791907,2017 BWB Season,24048598,7/31/2017,1/1/1900 5:20:00 PM,1935784,Brookside Field,5979591,Hogriders,5979594,Mustangs,,,,,Clutch Go-Ahead Grand Slam Is The Difference In Comeback Win,,1,6,0,4,0,0,0,0,0,10,5,0,6,2,1,0,0,0,0,0,9,9,0,3,0,,1/1/1900 6:00:00 PM,47
308183,791907,2017 BWB Season,24048599,7/31/2017,1/1/1900 6:00:00 PM,1935784,Brookside Field,5979592,Panthers,5979591,Hogriders,,,,,Peter Hits 5 Homers And Pitches To Victory,,1,6,8,0,0,0,0,0,0,14,11,0,1,0,0,0,0,0,0,0,1,0,0,3,0,,1/1/1900 7:00:00 PM,48
308183,791907,2017 BWB Season,24060237,8/6/2017,1/1/1900 10:40:00 AM,1935784,Brookside Field,5979593,Wildcats,5979589,Bluefish,,,,,Bluefish Offense Wakes Up In 4th To Move To Second,,1,0,0,0,3,0,0,0,0,3,5,0,0,0,0,5,0,0,0,0,5,7,0,4,0,,1/1/1900 11:20:00 AM,49
308183,791907,2017 BWB Season,24060246,8/6/2017,1/1/1900 11:25:00 AM,1935784,Brookside Field,5979591,Hogriders,5979593,Wildcats,,,,,Clutch Homers Keep Wildcats In Playoff Hunt,,1,2,3,7,0,0,0,0,0,12,14,0,5,2,7,0,0,0,0,0,14,16,0,3,0,,1/1/1900 12:00:00 PM,50
308183,791907,2017 BWB Season,24060252,8/6/2017,1/1/1900 12:25:00 PM,1935784,Brookside Field,5979594,Mustangs,5979591,Hogriders,,,,,Griffin Hits 6 Homers To Keep Ahead Of The Wildcats,,1,2,9,2,0,0,0,0,0,13,9,0,5,0,0,0,0,0,0,0,5,1,0,3,0,,1/1/1900 1:00:00 PM,51
308183,791907,2017 BWB Season,24062447,8/6/2017,1/1/1900 1:25:00 PM,1935784,Brookside Field,5979591,Hogriders,5979592,Panthers,,,,,,,1,,,,,,,,,0,0,0,,,,,,,,,6,0,0,,0,,1/1/1900 2:00:00 PM,52
308183,791907,2017 BWB Season,24062448,8/6/2017,1/1/1900 2:25:00 PM,1935784,Brookside Field,5979592,Panthers,5979591,Hogriders,,,,,,,1,,,,,,,,,6,0,0,,,,,,,,,0,0,0,,0,,1/1/1900 3:00:00 PM,53
308183,791907,2017 BWB Season,24063524,8/7/2017,1/1/1900 5:00:00 PM,1935784,Brookside Field,5979591,Hogriders,5979589,Bluefish,,,,,James And Parker Go Back To Back In Big Comeback Win,,1,1,1,0,1,0,0,0,0,3,8,0,1,1,0,2,0,0,0,0,4,9,0,4,0,,1/1/1900 5:30:00 PM,54
308183,791907,2017 BWB Season,24063525,8/7/2017,1/1/1900 5:35:00 PM,1935784,Brookside Field,5979589,Bluefish,5979591,Hogriders,,,,,James Hits 4 Homers To Bring Fish Magic Number To 1,,1,1,6,3,0,0,0,0,0,10,11,0,0,2,5,0,0,0,0,0,7,8,0,3,0,,1/1/1900 6:00:00 PM,55
308183,791907,2017 BWB Season,24068768,8/9/2017,1/1/1900 4:00:00 PM,1935784,Brookside Field,5979594,Mustangs,5979592,Panthers,,,,,Big 3rd Inning Propells Panthers To 18th Win,,1,1,8,2,0,0,0,0,0,11,4,0,2,5,6,0,0,0,0,0,13,10,0,3,0,,1/1/1900 5:00:00 PM,56
308183,791907,2017 BWB Season,24093209,8/16/2017,1/1/1900 6:00:00 PM,1935784,Brookside Field,5979593,Wildcats,5979591,Hogriders,,,,,Evan Hits 9 Homers And Use 11 Run 3rd In 17-11 Route,,1,6,0,11,0,0,0,0,0,17,13,0,5,2,4,0,0,0,0,0,11,9,0,3,0,,1/1/1900 7:00:00 PM,57
308183,791907,2017 BWB Season,24093221,8/17/2017,1/1/1900 2:45:00 PM,1935784,Brookside Field,5979592,Panthers,5979594,Mustangs,,,,,Tristan Hits 3 Grand Slam To Break His Record And Seal Win,,1,6,9,4,0,0,0,0,0,19,11,0,7,9,0,0,0,0,0,0,16,5,0,3,0,,1/1/1900 3:45:00 PM,59
308183,791907,2017 BWB Season,24140361,8/28/2017,1/1/1900 4:30:00 PM,1935784,Brookside Field,5979593,Wildcats,5979594,Mustangs,,,,,Alex Keeps Stangs Off Balance In Big Victory,,1,2,7,5,0,0,0,0,0,14,7,0,3,0,5,0,0,0,0,0,8,5,0,3,0,,1/1/1900 5:30:00 PM,60
308183,791907,2017 BWB Season,24150145,8/30/2017,1/1/1900 2:30:00 PM,1935784,Brookside Field,5979589,Bluefish,5979590,Dashers,,,,,Victor Comes Back With 3 In The Third To Clinch Postseason,,1,1,2,0,0,0,0,0,0,3,5,0,0,1,3,0,0,0,0,0,4,5,0,3,0,,1/1/1900 3:00:00 PM,61
308183,791907,2017 BWB Season,24150214,8/30/2017,1/1/1900 3:30:00 PM,1935784,Brookside Field,5979590,Dashers,5979594,Mustangs,,,,,Mustangs Cap Off Cinderella Season With A Big Victory,,1,2,2,5,0,0,0,0,0,9,6,0,0,12,0,0,0,0,0,0,12,11,0,3,0,,1/1/1900 4:00:00 PM,62
308183,791907,2017 BWB Season,24150218,8/30/2017,1/1/1900 4:50:00 PM,1935784,Brookside Field,5979593,Wildcats,5979590,Dashers,,,,,Highest Scoring Game Ends In A Blow Out Win For The Cats,,1,2,10,22,0,0,0,0,0,34,27,0,6,7,12,0,0,0,0,0,25,21,0,3,0,,1/1/1900 5:50:00 PM,63
308183,791907,2017 BWB Season,24163421,9/1/2017,1/1/1900 7:15:00 PM,1889824,TBA,5979593,Wildcats,5979594,Mustangs,,,,,Evan Hits Homers And Tosses No No In Playoff Clinching Win,,1,0,1,0,0,0,0,0,0,1,1,0,0,0,0,0,0,0,0,0,0,0,0,3,1,,1/1/1900 8:00:00 PM,64
308183,791907,2017 BWB Season,24163435,9/1/2017,1/1/1900 7:15:00 PM,1889824,TBA,5979590,Dashers,5979591,Hogriders,,,,,,,1,,,,,,,,,6,0,0,,,,,,,,,0,0,0,,1,,1/1/1900 8:00:00 PM,65
308183,791907,2017 BWB Season,24163436,9/1/2017,1/1/1900 7:15:00 PM,1889824,TBA,5979591,Hogriders,5979590,Dashers,,,,,,,1,,,,,,,,,0,0,0,,,,,,,,,6,0,0,,1,,1/1/1900 8:00:00 PM,66
308183,791907,2017 BWB Season,24163437,9/1/2017,1/1/1900 7:15:00 PM,1889824,TBA,5979591,Hogriders,5979590,Dashers,,,,,,,1,,,,,,,,,0,0,0,,,,,,,,,6,0,0,,1,,1/1/1900 8:00:00 PM,67
308183,791907,2017 BWB Season,24163439,9/1/2017,1/1/1900 7:15:00 PM,1889824,TBA,5979590,Dashers,5979591,Hogriders,,,,,,,1,,,,,,,,,6,0,0,,,,,,,,,0,0,0,,1,,1/1/1900 8:00:00 PM,68
308183,791907,2017 BWB Season,24163440,9/1/2017,1/1/1900 7:15:00 PM,1889824,TBA,5979591,Hogriders,5979590,Dashers,,,,,,,1,,,,,,,,,0,0,0,,,,,,,,,6,0,0,,1,,1/1/1900 8:00:00 PM,69
308183,791907,2017 BWB Season,24163441,9/1/2017,1/1/1900 7:15:00 PM,1889824,TBA,5979593,Wildcats,5979590,Dashers,,,,,,,1,,,,,,,,,0,0,0,,,,,,,,,6,0,0,,1,,1/1/1900 8:00:00 PM,70
308183,791907,2017 BWB Season,24163442,9/1/2017,1/1/1900 7:15:00 PM,1889824,TBA,5979590,Dashers,5979593,Wildcats,,,,,,,1,,,,,,,,,0,0,0,,,,,,,,,6,0,0,,1,,1/1/1900 8:00:00 PM,71
308183,791907,2017 BWB Season,24163633,9/1/2017,1/1/1900 7:15:00 PM,1889824,TBA,5979590,Dashers,5979589,Bluefish,,,,,,,1,,,,,,,,,0,0,0,,,,,,,,,6,0,0,,1,,1/1/1900 8:00:00 PM,72
308183,791907,2017 BWB Season,24163635,9/1/2017,1/1/1900 7:15:00 PM,1889824,TBA,5979590,Dashers,5979592,Panthers,,,,,,,1,,,,,,,,,0,0,0,,,,,,,,,6,0,0,,1,,1/1/1900 8:00:00 PM,73
308183,791907,2017 BWB Season,24163636,9/1/2017,1/1/1900 7:15:00 PM,1889824,TBA,5979590,Dashers,5979592,Panthers,,,,,,,1,,,,,,,,,0,0,0,,,,,,,,,6,0,0,,1,,1/1/1900 8:00:00 PM,74
308183,791907,2017 BWB Season,24163637,9/1/2017,1/1/1900 7:15:00 PM,1889824,TBA,5979592,Panthers,5979590,Dashers,,,,,,,1,,,,,,,,,6,0,0,,,,,,,,,0,0,0,,1,,1/1/1900 8:00:00 PM,75
308183,808672,2017 BWB Playoffs,24174118,9/3/2017,1/1/1900 2:00:00 PM,1935784,Brookside Field,6155127,Wildcats,6155126,Panthers,,,,,Peter Hits 2 Homers And Jake Goes The Distance To Move On,,1,6,0,0,0,0,0,0,0,6,5,0,5,5,0,0,0,0,0,0,10,8,0,3,0,North Wildcard Game,1/1/1900 3:00:00 PM,1
308183,808672,2017 BWB Playoffs,24174121,9/3/2017,1/1/1900 5:00:00 PM,1935784,Brookside Field,6155128,Mustangs,6155129,Dashers,,,,,Vinny Comes Back To Punch World Series Ticket,,1,3,0,6,0,0,0,0,0,9,7,0,0,7,4,0,0,0,0,0,11,6,0,3,0,South Wildcard Game,1/1/1900 6:00:00 PM,2
308183,808672,2017 BWB Playoffs,24174129,9/4/2017,1/1/1900 5:00:00 PM,1935784,Brookside Field,6155126,Panthers,6155129,Dashers,,,,,,,0,,,,,,,,,0,0,0,,,,,,,,,0,0,0,,1,2017 World Series Game 1,1/1/1900 6:00:00 PM,3
308183,808672,2017 BWB Playoffs,24174132,9/4/2017,1/1/1900 5:00:00 PM,1935784,Brookside Field,6155129,Dashers,6155126,Panthers,,,,,,,0,,,,,,,,,0,0,0,,,,,,,,,0,0,0,,1,2017 World Series Game 2,1/1/1900 6:00:00 PM,4
308183,808672,2017 BWB Playoffs,24174135,9/4/2017,1/1/1900 5:00:00 PM,1935784,Brookside Field,6155126,Panthers,6155129,Dashers,,,,,,,0,,,,,,,,,0,0,0,,,,,,,,,0,0,0,,1,2017 World Series Game 3 (If Necessary),1/1/1900 6:00:00 PM,5
308183,812753,2018 BWB Season,24553119,3/26/2018,1/1/1900 2:00:00 PM,1935784,Brookside Field,6191203,Kraken,6198292,Panthers,,,,,Peter Strikes Out 10 And Hits 4 Homers To Win.,,1,2,2,5,0,0,0,0,0,9,5,0,0,7,2,1,0,0,0,0,10,7,0,4,0,,1/1/1900 3:00:00 PM,3
308183,812753,2018 BWB Season,24553120,3/26/2018,1/1/1900 3:00:00 PM,1935784,Brookside Field,6198292,Panthers,6191203,Kraken,,,,,Peter Hits Go-Ahead Grand Slam In 3rd To Complete Sweep,,1,7,3,4,0,0,0,0,0,14,15,0,2,10,1,0,0,0,0,0,13,8,0,3,0,,1/1/1900 4:00:00 PM,4
308183,812753,2018 BWB Season,24798307,3/25/2018,1/1/1900 2:15:00 PM,1935784,Brookside Field,6221134,Special K's,6198293,Sea Thieves,,,,,Special K's Hit 5 Homers And Put Up 7 In The 2nd To Win,,1,5,7,3,0,0,0,0,0,15,12,0,6,1,4,0,0,0,0,0,11,6,0,3,0,OPENING DAY,1/1/1900 3:15:00 PM,1
308183,812753,2018 BWB Season,24798309,3/25/2018,1/1/1900 3:15:00 PM,1935784,Brookside Field,6198293,Sea Thieves,6221134,Special K's,,,,,Jake Hits 6 Home Runs and Throws Complete Game To Win,,1,4,3,5,0,0,0,0,0,12,9,0,6,6,1,0,0,0,0,0,13,12,0,3,0,,1/1/1900 4:00:00 PM,2
308183,812753,2018 BWB Season,24808657,4/1/2018,1/1/1900 2:00:00 PM,1952831,Westport Yards,6198293,Sea Thieves,6191203,Kraken,,,,,JB Goes The Distance And Parker Goes Yard Twice In Win,,1,6,2,2,0,0,0,0,0,10,16,0,3,11,0,0,0,0,0,0,14,10,0,3,0,,1/1/1900 3:00:00 PM,11
308183,812753,2018 BWB Season,24808658,4/1/2018,1/1/1900 1:00:00 PM,1952831,Westport Yards,6191203,Kraken,6198293,Sea Thieves,,,,,Bennett Hits 3 Homers And Bob Pitches To 100th Franchise Win,,1,7,3,0,0,0,0,0,0,10,11,0,1,7,3,0,0,0,0,0,11,11,0,3,0,,1/1/1900 2:00:00 PM,10
308183,812753,2018 BWB Season,24820685,3/28/2018,1/1/1900 2:00:00 PM,1935784,Brookside Field,6191203,Kraken,6221134,Special K's,,,,,Parker Pitches Gem And Hits Big Homer To Propel To Victory,,1,0,7,1,0,0,0,0,0,8,7,0,1,1,0,0,0,0,0,0,2,4,0,3,0,,1/1/1900 3:00:00 PM,5
308183,812753,2018 BWB Season,24820690,3/28/2018,1/1/1900 3:00:00 PM,1935784,Brookside Field,6221134,Special K's,6191203,Kraken,,,,,Alex Pitches And Hits To Lead K's To Third Win,,1,7,8,7,0,0,0,0,0,22,15,0,9,3,1,0,0,0,0,0,13,11,0,3,0,,1/1/1900 4:00:00 PM,6
308183,812753,2018 BWB Season,24820718,3/31/2018,1/1/1900 2:00:00 PM,1935784,Brookside Field,6221132,Mustangs,6221133,The Process,,,,,Mustangs 11 Run Inning Answered With 10 From Evan To Win,,1,0,7,11,0,0,0,0,0,18,11,0,5,4,10,0,0,0,0,0,19,14,0,3,0,,1/1/1900 3:00:00 PM,7
308183,812753,2018 BWB Season,24830897,5/5/2018,1/1/1900 2:00:00 PM,1935784,Brookside Field,6221132,Mustangs,6191203,Kraken,,,,,James hits three homers to power Kraken to victory.,,1,3,0,3,0,0,0,0,0,6,8,0,6,4,0,0,0,0,0,0,10,7,0,3,0,,1/1/1900 3:00:00 PM,13
308183,812753,2018 BWB Season,24830900,5/5/2018,1/1/1900 3:00:00 PM,1935784,Brookside Field,6191203,Kraken,6221132,Mustangs,,,,,Griffin hits walk-off homer to put down the Kraken.,,1,3,3,7,0,0,0,0,0,13,12,0,7,5,3,0,0,0,0,0,15,9,0,3,0,,1/1/1900 4:00:00 PM,14
308183,812753,2018 BWB Season,24909719,3/31/2018,1/1/1900 4:16:00 PM,1935784,Brookside Field,6198292,Panthers,6221133,The Process,,,,,Panthers Explode For 23 Runs In 3rd To Mercy The Proces,,1,0,4,23,0,0,0,0,0,27,18,0,0,10,0,0,0,0,0,0,10,6,0,3,0,,1/1/1900 5:15:00 PM,8
308183,812753,2018 BWB Season,24909720,3/31/2018,1/1/1900 5:15:00 PM,1935784,Brookside Field,6198293,Sea Thieves,6221132,Mustangs,,,,,Solid Relief By AJ And Mustangs Offense Leads Stangs To Win,,1,4,2,3,0,0,0,0,0,9,8,0,6,5,0,0,0,0,0,0,11,7,0,3,0,,1/1/1900 6:15:00 PM,9
308183,812753,2018 BWB Season,25028528,4/14/2018,1/1/1900 3:30:00 PM,1946419,The Claw,6221132,Mustangs,6198292,Panthers,,,,,Peter Has 5 Homer Day In First Win At The Claw,,1,8,4,1,0,0,0,0,0,13,4,0,9,9,0,0,0,0,0,0,18,12,0,3,0,,1/1/1900 4:30:00 PM,12
308183,812753,2018 BWB Season,25252508,5/12/2018,1/1/1900 2:15:00 PM,1935784,Brookside Field,6198292,Panthers,6198293,Sea Thieves,,,,,Panthers do not show mercy in second gong of season.,,1,6,6,6,0,0,0,0,0,18,17,0,0,1,0,0,0,0,0,0,1,1,0,3,0,,1/1/1900 3:15:00 PM,15
308183,812753,2018 BWB Season,25252523,5/12/2018,1/1/1900 4:00:00 PM,1946419,The Claw,6221133,The Process,6198292,Panthers,,,,,11 Run second inning proves to be the difference in big win,,1,6,6,2,0,0,0,0,0,14,8,0,3,11,1,0,0,0,0,0,15,11,0,3,0,,1/1/1900 5:00:00 PM,16
308183,812753,2018 BWB Season,25284392,5/20/2018,1/1/1900 4:30:00 PM,1935784,Brookside Field,6198293,Sea Thieves,6221133,The Process,,,,,Darien And Brandon both contribute to big comeback win.,,1,0,1,5,9,0,0,0,0,15,9,0,3,3,0,5,0,0,0,0,11,12,0,4,0,,1/1/1900 5:45:00 PM,17
308183,812753,2018 BWB Season,25309347,5/27/2018,1/1/1900 4:15:00 PM,1935784,Brookside Field,6198292,Panthers,6221133,The Process,,,,,Process use walks and pitching to win despite being no-hit,,1,2,0,0,0,0,0,0,0,2,2,0,0,5,0,0,0,0,0,0,5,0,0,3,0,,1/1/1900 4:45:00 PM,18
308183,812753,2018 BWB Season,25309357,5/27/2018,1/1/1900 4:45:00 PM,1935784,Brookside Field,6221133,The Process,6198292,Panthers,,,,,Vinny hits 4 homers and pitches a complete game in win.,,1,6,7,3,0,0,0,0,0,16,9,0,5,8,4,0,0,0,0,0,17,14,0,3,0,,1/1/1900 5:30:00 PM,19
308183,812753,2018 BWB Season,25326586,6/1/2018,1/1/1900 4:30:00 PM,1935784,Brookside Field,6221133,The Process,6221132,Mustangs,,,,,Evan Hits 3-Run Homer In 3rd to put Process up for good,,1,5,0,3,0,0,0,0,0,8,10,0,0,5,0,0,0,0,0,0,5,2,0,3,0,,1/1/1900 5:30:00 PM,20
308183,812753,2018 BWB Season,25327641,6/2/2018,1/1/1900 3:30:00 PM,1935784,Brookside Field,6221134,Special K's,6198292,Panthers,,,,,Peter comes back with 5 in the third to walk-off,,1,3,2,0,0,0,0,0,0,5,3,0,1,0,5,0,0,0,0,0,6,6,0,3,0,,1/1/1900 4:10:00 PM,21
308183,812753,2018 BWB Season,25327645,6/2/2018,1/1/1900 4:15:00 PM,1935784,Brookside Field,6198292,Panthers,6221134,Special K's,,,,,Special K's hold off late Panthers rally to spilt twinbill,,1,0,7,6,0,0,0,0,0,13,9,0,5,9,0,0,0,0,0,0,14,10,0,3,0,,1/1/1900 5:00:00 PM,22
308183,812753,2018 BWB Season,25327648,6/2/2018,1/1/1900 5:00:00 PM,1935784,Brookside Field,6221134,Special K's,6221133,The Process,,,,,Evan hits go-ahead grand slam in the 3rd to get back to .500,,1,2,1,1,0,0,0,0,0,4,5,0,1,7,0,0,0,0,0,0,8,7,0,3,0,,1/1/1900 5:30:00 PM,23
308183,828677,2018 All-Star Game,25354790,6/15/2018,1/1/1900 4:00:00 PM,1935784,Brookside Field,6345515,North Division,6345516,South Division,,,,,James Drives In 7 To Seal ASG MVP And Home Field Advantage.,,1,3,5,0,6,4,1,0,0,19,12,0,0,10,0,4,4,0,0,0,18,15,0,6,0,,1/1/1900 6:00:00 PM,1
308183,828678,2017 All-Star Game,25354812,6/23/2017,1/1/1900 11:00:00 AM,1935784,Brookside Field,6345525,South Division,6345524,North Division,,,,,2-Out comeback in the 5th leads South to win.,,1,0,8,4,2,3,0,0,0,17,10,0,5,2,6,3,0,0,0,0,16,14,0,5,0,,1/1/1900 1:00:00 PM,1
308183,812753,2018 BWB Season,25366191,6/15/2018,1/1/1900 6:00:00 PM,1935784,Brookside Field,6191203,Kraken,6198293,Sea Thieves,,,,,Parker has career start and outduels Bob in 6 inning game,,1,1,3,0,0,0,6,0,0,10,15,0,2,2,0,0,0,0,0,0,4,7,0,6,0,,1/1/1900 7:00:00 PM,24
308183,812753,2018 BWB Season,25366192,6/15/2018,1/1/1900 7:00:00 PM,1935784,Brookside Field,6198293,Sea Thieves,6191203,Kraken,,,,,James goes the distance and hits walk-off homer to sweep,,1,6,0,0,0,0,0,0,0,6,8,0,0,5,3,0,0,0,0,0,8,12,0,3,0,,1/1/1900 8:00:00 PM,25
308183,812753,2018 BWB Season,25373153,6/19/2018,1/1/1900 2:00:00 PM,1935784,Brookside Field,6198292,Panthers,6221132,Mustangs,,,,,Peter and Vinny each go deep 4 times in resumed victory,,1,5,11,6,0,0,0,0,0,22,13,0,9,4,1,0,0,0,0,0,14,5,0,3,0,,1/1/1900 3:00:00 PM,26
308183,812753,2018 BWB Season,25373539,6/19/2018,1/1/1900 2:45:00 PM,1935784,Brookside Field,6221132,Mustangs,6198292,Panthers,,,,,Vinny goes deep twice and walk-offs the Panthers to sweep,,1,6,9,0,0,0,0,0,0,15,0,0,7,9,0,0,0,0,0,0,16,0,0,2,0,,1/1/1900 3:45:00 PM,27
308183,812753,2018 BWB Season,25376299,6/20/2018,1/1/1900 11:00:00 AM,1935784,Brookside Field,6191203,Kraken,6221133,The Process,,,,,AJ robs big home run and has two of his own in Kraken debut,,1,0,5,4,0,0,0,0,0,9,6,0,1,4,0,0,0,0,0,0,5,3,0,3,0,,1/1/1900 12:00:00 PM,28
308183,812753,2018 BWB Season,25376300,6/20/2018,1/1/1900 12:00:00 PM,1935784,Brookside Field,6221133,The Process,6191203,Kraken,,,,,Late-Inning rally not enough as The Process hang on to win,,1,0,4,4,0,0,0,0,0,8,7,0,0,0,7,0,0,0,0,0,7,7,0,3,0,,1/1/1900 1:00:00 PM,29
308183,812753,2018 BWB Season,25376301,6/20/2018,1/1/1900 1:45:00 PM,1935784,Brookside Field,6221133,The Process,6191203,Kraken,,,,,Evan comes swinging out of the gate to take series,,1,6,5,0,0,0,0,0,0,11,11,0,0,5,0,0,0,0,0,0,5,7,0,3,0,,1/1/1900 2:45:00 PM,30
308183,812753,2018 BWB Season,25377940,6/21/2018,1/1/1900 1:45:00 PM,1935784,Brookside Field,6221134,Special K's,6198293,Sea Thieves,,,,,Bob puts up 9 in the second to get much needed victory,,1,3,4,0,0,0,0,0,0,7,0,0,0,9,0,0,0,0,0,0,9,0,0,3,0,,1/1/1900 2:45:00 PM,31
308183,812753,2018 BWB Season,25377973,6/21/2018,1/1/1900 2:45:00 PM,1935784,Brookside Field,6198293,Sea Thieves,6221134,Special K's,,,,,Jake comes out of the gate with 5 runs to seal series win,,1,0,1,2,0,0,0,0,0,3,4,0,5,0,0,0,0,0,0,0,5,8,0,3,0,,1/1/1900 3:45:00 PM,32
308183,812753,2018 BWB Season,25379256,6/22/2018,1/1/1900 10:15:00 AM,1935784,Brookside Field,6221134,Special K's,6221133,The Process,,,,,Evan comes back with 6 in the 3rd to walk-off,,1,1,9,1,0,0,0,0,0,11,6,0,4,2,6,0,0,0,0,0,12,13,0,3,0,,1/1/1900 11:15:00 AM,33
308183,812753,2018 BWB Season,25379257,6/22/2018,1/1/1900 11:15:00 AM,1935784,Brookside Field,6221133,The Process,6221134,Special K's,,,,,Evan goes deep 11 times to sweep doubleheader,,1,2,4,16,0,0,0,0,0,22,24,0,0,0,4,0,0,0,0,0,4,8,0,3,0,,1/1/1900 12:15:00 PM,34
308183,812753,2018 BWB Season,25379258,6/22/2018,1/1/1900 12:00:00 PM,1935784,Brookside Field,6221133,The Process,6198293,Sea Thieves,,,,,Evan goes ahead with back to back homers in the 3rd to win,,1,3,2,2,0,0,0,0,0,7,8,0,6,0,0,0,0,0,0,0,6,11,0,3,0,,1/1/1900 12:30:00 PM,35
308183,812753,2018 BWB Season,25395825,7/2/2018,1/1/1900 12:30:00 PM,1990682,The Great Lawn,6191203,Kraken,6198292,Panthers,,,,,Vinny finishes off comeback with walk-off grand slam,,1,0,5,0,0,0,0,0,0,5,6,0,0,2,6,0,0,0,0,0,8,5,0,3,0,,1/1/1900 1:30:00 PM,36
308183,812753,2018 BWB Season,25400008,7/4/2018,1/1/1900 5:45:00 PM,1935784,Brookside Field,6221134,Special K's,6191203,Kraken,,,,,Jake clutches up in the late innings to steal a win,,1,0,5,2,2,0,0,0,0,9,9,0,3,4,0,0,0,0,0,0,7,9,0,4,0,,1/1/1900 6:30:00 PM,37
308183,812753,2018 BWB Season,25400009,7/4/2018,1/1/1900 6:15:00 PM,1935784,Brookside Field,6191203,Kraken,6221134,Special K's,,,,,Parker only allows 6 base runners to lead to a split,,1,0,3,2,0,0,0,0,0,5,8,0,0,0,2,0,0,0,0,0,2,6,0,3,0,,1/1/1900 7:00:00 PM,38
308183,812753,2018 BWB Season,25402218,7/5/2018,1/1/1900 12:30:00 PM,1935784,Brookside Field,6221134,Special K's,6221132,Mustangs,,,,,,,1,,,,,,,,,6,0,0,,,,,,,,,0,0,0,,0,,1/1/1900 1:15:00 PM,39
308183,812753,2018 BWB Season,25402219,7/5/2018,1/1/1900 1:15:00 PM,1935784,Brookside Field,6221132,Mustangs,6221134,Special K's,,,,,,,1,,,,,,,,,0,0,0,,,,,,,,,6,0,0,,0,,1/1/1900 2:00:00 PM,40
308183,812753,2018 BWB Season,25402220,7/5/2018,1/1/1900 6:45:00 PM,1935784,Brookside Field,6221134,Special K's,6198292,Panthers,,,,,Jake hits 4 homers and has a 9 K game to take game one,,1,9,5,2,0,0,0,0,0,16,6,0,0,2,0,0,0,0,0,0,2,6,0,3,0,,1/1/1900 7:30:00 PM,41
308183,812753,2018 BWB Season,25402221,7/5/2018,1/1/1900 7:30:00 PM,1935784,Brookside Field,6198292,Panthers,6221134,Special K's,,,,,Jake explodes for a 9-run first and has a 9 K game,,1,3,0,3,0,0,0,0,0,6,5,0,9,3,0,0,0,0,0,0,12,6,0,3,0,,1/1/1900 8:15:00 PM,42
308183,812753,2018 BWB Season,25403599,7/3/2018,1/1/1900 12:30:00 PM,1990682,The Great Lawn,6198292,Panthers,6191203,Kraken,,,,,Nick goes yard 4 times to lead to a big win for the Kraken,,1,2,8,0,0,0,0,0,0,10,5,0,6,6,0,0,0,0,0,0,12,7,0,3,0,,1/1/1900 1:00:00 PM,43
308183,812753,2018 BWB Season,25427864,7/22/2018,1/1/1900 4:45:00 PM,1935784,Brookside Field,6191203,Kraken,6221133,The Process,,,,,Parker hits big home run in first ever perfect game.,,1,0,0,1,0,0,0,0,0,1,2,0,0,0,0,0,0,0,0,0,0,0,0,3,0,PERFECT GAME,1/1/1900 5:00:00 PM,44
308183,812753,2018 BWB Season,25431793,7/24/2018,1/1/1900 7:00:00 PM,1935784,Brookside Field,6221134,Special K's,6221133,The Process,,,,,Evan clutches up in extras and gets a walk-off walk to win.,,1,0,4,3,0,0,0,0,0,7,5,0,1,5,1,1,0,0,0,0,8,10,0,3,0,The Process Clinch The Postseason.,1/1/1900 8:00:00 PM,45
308183,812753,2018 BWB Season,25431794,7/24/2018,1/1/1900 8:00:00 PM,1935784,Brookside Field,6221133,The Process,6221134,Special K's,,,,,Jake puts up 7 in the first to take the lead for good.,,1,1,0,2,0,0,0,0,0,3,6,0,7,4,0,0,0,0,0,0,11,11,0,3,0,Special K's Clinch The Postseason.,1/1/1900 9:00:00 PM,46
308183,812753,2018 BWB Season,25433372,7/25/2018,1/1/1900 5:30:00 PM,1935784,Brookside Field,6198293,Sea Thieves,6191203,Kraken,,,,,Kraken rally in the 3rd lead by Parker and AJ to win.,,1,5,0,1,0,0,0,0,0,6,2,0,0,0,7,0,0,0,0,0,7,7,0,3,0,,1/1/1900 6:15:00 PM,47
308183,812753,2018 BWB Season,25433373,7/25/2018,1/1/1900 6:15:00 PM,1935784,Brookside Field,6191203,Kraken,6198293,Sea Thieves,,,,,Sea Thieves explodes for 12 runs and Bob hits 3 HR in win.,,1,0,1,0,0,0,0,0,0,1,4,0,4,8,0,0,0,0,0,0,12,12,0,3,0,,1/1/1900 7:00:00 PM,48
308183,812753,2018 BWB Season,25440136,7/30/2018,1/1/1900 5:00:00 PM,1935784,Brookside Field,6221133,The Process,6198293,Sea Thieves,,,,,Evan hits 7 homers in route to take game one.,,1,5,2,7,0,0,0,0,0,14,11,0,0,4,2,0,0,0,0,0,6,9,0,3,0,,1/1/1900 6:00:00 PM,49
308183,812753,2018 BWB Season,25440371,7/30/2018,1/1/1900 6:00:00 PM,1935784,Brookside Field,6198293,Sea Thieves,6221133,The Process,,,,,Sea Thieves put up 4 in the 1st and never look back to win.,,1,4,0,0,0,0,0,0,0,4,8,0,0,1,1,0,0,0,0,0,2,2,0,3,0,,1/1/1900 7:00:00 PM,50
308183,812753,2018 BWB Season,25443697,8/1/2018,1/1/1900 7:30:00 PM,1935784,Brookside Field,6221133,The Process,6221134,Special K's,,,,,Evan's 3-run HR in 3rd proves to be the difference in win.,,1,0,9,3,0,0,0,0,0,12,9,0,6,1,3,0,0,0,0,0,10,3,0,3,0,The Process Clinch The South Division.,1/1/1900 8:30:00 PM,51
308183,812753,2018 BWB Season,25448525,8/5/2018,1/1/1900 2:30:00 PM,1935784,Brookside Field,6198292,Panthers,6198293,Sea Thieves,,,,,Sea Thieves spoil 10-run Panthers comeback to win for good.,,1,0,2,14,0,0,0,0,0,16,10,0,6,6,5,0,0,0,0,0,17,5,0,3,0,,1/1/1900 3:30:00 PM,52
308183,812753,2018 BWB Season,25448526,8/5/2018,1/1/1900 3:30:00 PM,1935784,Brookside Field,6198293,Sea Thieves,6198292,Panthers,,,,,Peter clutches up to erase early deficit to clinch playoffs.,PANTHERS CLINCH POSTSEASON.,1,6,2,5,4,0,0,0,0,17,10,0,7,0,6,5,0,0,0,0,18,16,0,4,0,Panthers Clinch The Postseason.,1/1/1900 4:30:00 PM,53
308183,812753,2018 BWB Season,25454504,8/8/2018,1/1/1900 5:15:00 PM,1935784,Brookside Field,6198292,Panthers,6191203,Kraken,,,,,Kraken clinch postseason behind Parker and James.,,1,0,0,1,0,0,0,0,0,1,2,0,0,4,0,0,0,0,0,0,4,5,0,3,0,Kraken Clinch The Postseason.,1/1/1900 6:00:00 PM,54
308183,812753,2018 BWB Season,25454505,8/8/2018,1/1/1900 6:00:00 PM,1935784,Brookside Field,6191203,Kraken,6198292,Panthers,,,,,Panthers jump on Kraken in the first to clinch #1 Seed.,,1,0,0,2,0,0,0,0,0,2,2,0,4,4,0,0,0,0,0,0,8,10,0,3,0,The Panthers Clinch The North Division.,1/1/1900 6:45:00 PM,55
308183,812753,2018 BWB Season,25458667,5/5/2018,1/1/1900 3:15:00 PM,1935784,Brookside Field,6221133,The Process,6221132,Mustangs,,,,,Evan's early home runs seal another victory.,,1,6,6,4,0,0,0,0,0,16,11,0,3,3,4,0,0,0,0,0,10,10,0,3,0,,1/1/1900 4:00:00 PM,56
308183,812753,2018 BWB Season,25458704,7/5/2018,1/1/1900 2:00:00 PM,1935784,Brookside Field,6221132,Mustangs,6221134,Special K's,,,,,Special K's rally in the 3rd to win.,,1,5,2,2,0,0,0,0,0,9,10,0,2,5,3,0,0,0,0,0,10,10,0,3,0,,1/1/1900 3:00:00 PM,57
308183,812753,2018 BWB Season,25458767,8/11/2018,1/1/1900 2:00:00 PM,1889824,TBA,6221134,Special K's,6221132,Mustangs,,,,,,,1,,,,,,,,,6,0,0,,,,,,,,,0,0,0,,1,,1/1/1900 3:00:00 PM,58
308183,812753,2018 BWB Season,25458768,8/11/2018,1/1/1900 2:01:00 PM,1889824,TBA,6221132,Mustangs,6221134,Special K's,,,,,,,1,,,,,,,,,0,0,0,,,,,,,,,6,0,0,,1,,1/1/1900 3:00:00 PM,59
308183,812753,2018 BWB Season,25458770,8/11/2018,1/1/1900 2:02:00 PM,1889824,TBA,6221134,Special K's,6221132,Mustangs,,,,,,,1,,,,,,,,,6,0,0,,,,,,,,,0,0,0,,1,,1/1/1900 3:00:00 PM,60
308183,812753,2018 BWB Season,25458773,8/11/2018,1/1/1900 2:05:00 PM,1889824,TBA,6221132,Mustangs,6221133,The Process,,,,,,,1,,,,,,,,,0,0,0,,,,,,,,,6,0,0,,1,,1/1/1900 3:00:00 PM,61
308183,812753,2018 BWB Season,25458774,8/11/2018,1/1/1900 2:10:00 PM,1889824,TBA,6221133,The Process,6221132,Mustangs,,,,,,,1,,,,,,,,,6,0,0,,,,,,,,,0,0,0,,1,,1/1/1900 3:00:00 PM,62
308183,812753,2018 BWB Season,25458775,8/11/2018,1/1/1900 2:15:00 PM,1889824,TBA,6221132,Mustangs,6221133,The Process,,,,,,,1,,,,,,,,,0,0,0,,,,,,,,,6,0,0,,1,,1/1/1900 3:00:00 PM,63
308183,812753,2018 BWB Season,25473225,8/16/2018,1/1/1900 12:00:00 PM,1889824,TBA,6221132,Mustangs,6198293,Sea Thieves,,,,,,,1,,,,,,,,,0,0,0,,,,,,,,,6,0,0,,1,,1/1/1900 1:00:00 PM,64
308183,812753,2018 BWB Season,25473226,8/16/2018,1/1/1900 1:00:00 PM,1889824,TBA,6198293,Sea Thieves,6221132,Mustangs,,,,,,,1,,,,,,,,,6,0,0,,,,,,,,,0,0,0,,1,,1/1/1900 2:00:00 PM,65
308183,812753,2018 BWB Season,25473227,8/16/2018,1/1/1900 2:00:00 PM,1889824,TBA,6221132,Mustangs,6198293,Sea Thieves,,,,,,,1,,,,,,,,,0,0,0,,,,,,,,,6,0,0,,1,,1/1/1900 3:00:00 PM,66
308183,812753,2018 BWB Season,25473228,8/16/2018,1/1/1900 4:00:00 PM,1889824,TBA,6198293,Sea Thieves,6198292,Panthers,,,,,,,1,,,,,,,,,6,0,0,,,,,,,,,5,0,0,,1,,1/1/1900 5:00:00 PM,67
308183,812753,2018 BWB Season,25473229,8/16/2018,1/1/1900 5:00:00 PM,1889824,TBA,6198293,Sea Thieves,6198292,Panthers,,,,,,,1,,,,,,,,,5,0,0,,,,,,,,,6,0,0,,1,,1/1/1900 6:00:00 PM,68
308183,812753,2018 BWB Season,25473230,8/16/2018,1/1/1900 6:00:00 PM,1889824,TBA,6198292,Panthers,6198293,Sea Thieves,,,,,,,1,,,,,,,,,6,0,0,,,,,,,,,5,0,0,,1,,1/1/1900 7:00:00 PM,69
308183,812753,2018 BWB Season,25473231,8/16/2018,1/1/1900 7:00:00 PM,1889824,TBA,6191203,Kraken,6221132,Mustangs,,,,,,,1,,,,,,,,,6,0,0,,,,,,,,,0,0,0,,1,,1/1/1900 8:00:00 PM,70
308183,812753,2018 BWB Season,25473232,8/16/2018,1/1/1900 8:00:00 PM,1889824,TBA,6221132,Mustangs,6191203,Kraken,,,,,,,1,,,,,,,,,0,0,0,,,,,,,,,6,0,0,,1,,1/1/1900 9:00:00 PM,71
308183,812753,2018 BWB Season,25473233,8/16/2018,1/1/1900 9:00:00 PM,1889824,TBA,6221132,Mustangs,6198292,Panthers,,,,,,,1,,,,,,,,,0,0,0,,,,,,,,,6,0,0,,1,,1/1/1900 10:00:00 PM,72
308183,832106,2018 BWB Playoffs,25473238,8/17/2018,1/1/1900 12:00:00 PM,1935784,Brookside Field,6372579,Kraken,6372580,Panthers,,,,,Patience at the plate leads to a cinderella Kraken victory.,,1,4,0,0,0,0,0,0,0,4,1,0,1,1,0,0,0,0,0,0,2,3,0,3,0,North Wildcard Game.,1/1/1900 1:00:00 PM,1
308183,832106,2018 BWB Playoffs,25473239,8/17/2018,1/1/1900 1:00:00 PM,1935784,Brookside Field,6372581,Special K's,6372582,The Process,,,,,6-Run first capped with a shutout by Jake leads to pennant.,,1,6,1,0,0,0,0,0,0,7,2,0,0,0,0,0,0,0,0,0,0,3,0,3,0,South Wildcard Game.,1/1/1900 2:00:00 PM,2
308183,832106,2018 BWB Playoffs,25475857,8/17/2018,1/1/1900 2:30:00 PM,1935784,Brookside Field,6372581,Special K's,6372579,Kraken,,,,,Special K's rally in third to stun Kraken and lead 1-0.,,1,7,6,3,0,0,0,0,0,16,5,0,7,7,0,0,0,0,0,0,14,9,0,3,0,Championship Game 1.,1/1/1900 3:30:00 PM,3
308183,832106,2018 BWB Playoffs,25475858,8/17/2018,1/1/1900 3:30:00 PM,1935784,Brookside Field,6372579,Kraken,6372581,Special K's,,,,,Jake's go-ahead grand slam seals the Championship win.,,1,0,2,1,0,0,0,0,0,3,6,0,0,6,0,0,0,0,0,0,6,4,0,3,0,Championship Game 2.,1/1/1900 4:30:00 PM,4
308183,841052,2019 BWB Season,26079287,3/24/2019,1/1/1900 3:00:00 PM,1935784,Brookside Field,6453442,The Process,6453440,Panthers,,,,,Peter's complete 2-hit game leads to Opening Day win,,1,2,0,1,0,0,0,0,0,3,2,0,2,1,1,0,0,0,0,0,4,4,0,3,0,,1/1/1900 4:00:00 PM,1
308183,841052,2019 BWB Season,26079290,3/24/2019,1/1/1900 4:00:00 PM,1935784,Brookside Field,6453440,Panthers,6453442,The Process,,,,,Evan hits 7 homers and comes back in the 3rd for first win.,,1,7,0,4,0,0,0,0,0,11,8,0,8,1,6,0,0,0,0,0,15,7,0,3,0,,1/1/1900 5:00:00 PM,2
308183,841052,2019 BWB Season,26125683,3/30/2019,1/1/1900 4:00:00 PM,1935784,Brookside Field,6453440,Panthers,6453439,Kraken,,,,,Panthers hit 12 homers in game mercy win over Kraken,,1,3,5,17,0,0,0,0,0,25,16,0,2,7,0,0,0,0,0,0,9,5,0,3,0,,1/1/1900 5:00:00 PM,3
308183,841052,2019 BWB Season,26127027,3/30/2019,1/1/1900 5:30:00 PM,1935784,Brookside Field,6453439,Kraken,6453440,Panthers,,,,,Kraken storm back with 5 in the third to split series,,1,6,2,5,0,0,0,0,0,13,11,0,8,3,1,0,0,0,0,0,12,10,0,3,0,,1/1/1900 6:30:00 PM,4
308183,841052,2019 BWB Season,26258425,4/13/2019,1/1/1900 1:00:00 PM,1935784,Brookside Field,6453439,Kraken,6453441,Special K's,,,,,AJ and Parker hit homers in Parker's complete game win,,1,4,0,0,4,4,0,0,0,12,9,0,2,2,0,4,1,0,0,0,9,6,0,5,0,,1/1/1900 2:30:00 PM,5
308183,841052,2019 BWB Season,26258427,4/13/2019,1/1/1900 2:30:00 PM,1935784,Brookside Field,6453441,Special K's,6453439,Kraken,,,,,Special K's hit six homers and take the lead late to win,,1,9,0,3,3,0,0,0,0,15,11,0,0,7,5,0,0,0,0,0,12,12,0,4,0,,1/1/1900 3:30:00 PM,6
308183,841052,2019 BWB Season,26307779,4/21/2019,1/1/1900 1:00:00 PM,1952831,Westport Yards,6453443,Lavahogs,6453439,Kraken,,,,,JB’s big 3-run homer and Parker’s one hitter lead to win,,1,0,0,1,0,0,0,0,0,1,1,0,4,1,0,0,0,0,0,0,5,9,0,3,0,,1/1/1900 2:00:00 PM,7
308183,841052,2019 BWB Season,26307780,4/21/2019,1/1/1900 2:00:00 PM,1952831,Westport Yards,6453439,Kraken,6453443,Lavahogs,,,,,Lavahogs hit 7 straight RBI singles to seal first win,,1,2,0,1,0,0,0,0,0,3,9,0,0,7,0,0,0,0,0,0,7,9,0,3,0,,1/1/1900 3:00:00 PM,8
308183,841052,2019 BWB Season,26460668,5/18/2019,1/1/1900 3:30:00 PM,1935784,Brookside Field,6453443,Lavahogs,6453439,Kraken,,,,,Bob goes yard 4 times and strikes out 8 in win,,1,3,6,8,0,0,0,0,0,17,8,0,0,8,3,0,0,0,0,0,11,9,0,3,0,,1/1/1900 4:30:00 PM,9
308183,841052,2019 BWB Season,26460669,5/18/2019,1/1/1900 4:30:00 PM,1935784,Brookside Field,6453439,Kraken,6453443,Lavahogs,,,,,Lavahogs put up 7 in the second for the lead to win,,1,1,4,2,0,0,0,0,0,7,7,0,2,7,0,0,0,0,0,0,9,6,0,3,0,,1/1/1900 5:30:00 PM,10
308183,841052,2019 BWB Season,26486512,5/26/2019,1/1/1900 5:00:00 PM,1935784,Brookside Field,6453441,Special K's,6453440,Panthers,,,,,Special K's erupt for 41 runs led by Jake's 8 home run game,,1,7,10,8,16,0,0,0,0,41,17,0,8,13,4,0,0,0,0,0,25,14,0,4,0,,1/1/1900 6:00:00 PM,11
308183,841052,2019 BWB Season,26486519,5/26/2019,1/1/1900 6:00:00 PM,1935784,Brookside Field,6453440,Panthers,6453441,Special K's,,,,,,,1,7,7,2,7,0,0,0,0,23,15,0,6,10,0,0,0,0,0,0,16,5,0,4,0,,1/1/1900 7:00:00 PM,12
308183,841052,2019 BWB Season,26488331,5/27/2019,1/1/1900 5:00:00 PM,1935784,Brookside Field,6453443,Lavahogs,6453442,The Process,,,,,Evan is able to hold off the Hogs for a walk off win,,1,2,0,11,0,0,0,0,0,13,6,0,4,9,1,0,0,0,0,0,14,13,0,3,0,,1/1/1900 6:00:00 PM,13
308183,841052,2019 BWB Season,26488334,5/27/2019,1/1/1900 6:00:00 PM,1935784,Brookside Field,6453442,The Process,6453443,Lavahogs,,,,,Process rally late using smallball to sweep series,,1,2,0,2,0,0,0,0,0,4,5,0,3,0,0,0,0,0,0,0,3,2,0,3,0,,1/1/1900 7:00:00 PM,14
308183,841052,2019 BWB Season,26502162,6/1/2019,1/1/1900 3:15:00 PM,1935784,Brookside Field,6453442,The Process,6453439,Kraken,,,,,Evan goes yard 4 times to win pitching duel in game one,,1,1,4,0,0,0,0,0,0,5,9,0,2,0,0,0,0,0,0,0,2,2,0,3,0,,1/1/1900 4:00:00 PM,15
308183,841052,2019 BWB Season,26502166,6/1/2019,1/1/1900 4:00:00 PM,1935784,Brookside Field,6453439,Kraken,6453442,The Process,,,,,Evan throws complete game 2-hitter and adds 3 homers to win,,1,0,1,1,0,0,0,0,0,2,5,0,4,3,0,0,0,0,0,0,7,6,0,3,0,,1/1/1900 4:30:00 PM,16
308183,841052,2019 BWB Season,26502167,6/1/2019,1/1/1900 4:30:00 PM,1935784,Brookside Field,6453442,The Process,6453439,Kraken,,,,,Kraken come up big in the 2nd and hang on to win,,1,2,0,4,0,0,0,0,0,6,8,0,0,9,0,0,0,0,0,0,9,2,0,3,0,,1/1/1900 5:30:00 PM,17
308183,841052,2019 BWB Season,26555650,6/25/2019,1/1/1900 3:45:00 PM,1946419,The Claw,6453439,Kraken,6453440,Panthers,,,,,Kraken clutch up in the second and third to win,,1,6,2,1,0,0,0,0,0,9,5,0,7,0,0,0,0,0,0,0,7,6,0,3,0,,1/1/1900 4:30:00 PM,18
308183,841052,2019 BWB Season,26555652,6/25/2019,1/1/1900 4:30:00 PM,1946419,The Claw,6453440,Panthers,6453439,Kraken,,,,,Kyle is dominant and gets first career win in sweep,,1,0,0,3,0,0,0,0,0,3,3,0,0,9,0,0,0,0,0,0,9,5,0,3,0,,1/1/1900 5:00:00 PM,19
308183,841052,2019 BWB Season,26557133,6/26/2019,1/1/1900 1:15:00 PM,1990682,The Great Lawn,6453439,Kraken,6453444,PawSox,,,,,Nick stuns PawSox with go-ahead grand slam in third to win,,1,0,1,4,0,0,0,0,0,5,6,0,3,0,1,0,0,0,0,0,4,4,0,3,0,,1/1/1900 1:45:00 PM,20
308183,841052,2019 BWB Season,26558451,6/27/2019,1/1/1900 1:00:00 PM,1990682,The Great Lawn,6453444,PawSox,6453439,Kraken,,,,,Nick throws complete game gem for Kraken 5th straight win,,1,0,1,0,0,0,0,0,0,1,5,0,3,2,0,0,0,0,0,0,5,5,0,3,0,,1/1/1900 1:30:00 PM,21
308183,841052,2019 BWB Season,26560086,6/28/2019,1/1/1900 1:00:00 PM,1990682,The Great Lawn,6453439,Kraken,6453444,PawSox,,,,,Kraken explode for 7 in the first and never look back to win,,1,7,2,1,0,0,0,0,0,10,14,0,1,2,0,0,0,0,0,0,3,4,0,3,0,,1/1/1900 1:30:00 PM,22
308183,850392,2019 All-Star Game,26560108,6/25/2019,1/1/1900 2:00:00 PM,1935784,Brookside Field,6547970,South Division,6547969,North Division,,,,,,,1,,,,,,,,,21,0,0,,,,,,,,,22,0,0,,0,,1/1/1900 3:30:00 PM,1
308183,841052,2019 BWB Season,26571994,7/8/2019,1/1/1900 4:45:00 PM,1935784,Brookside Field,6453442,The Process,6453443,Lavahogs,,,,,Process start off strong and hold off late rally to win,,1,6,1,0,0,0,0,0,0,7,7,0,0,5,1,0,0,0,0,0,6,6,0,3,0,,1/1/1900 5:30:00 AM,23
308183,841052,2019 BWB Season,26572008,7/8/2019,1/1/1900 5:30:00 PM,1935784,Brookside Field,6453443,Lavahogs,6453442,The Process,,,,,Evan hits 8 home runs and bounces back to sweep series,,1,3,2,10,0,0,0,0,0,15,10,0,7,5,4,0,0,0,0,0,16,15,0,3,0,,1/1/1900 6:15:00 PM,24
308183,841052,2019 BWB Season,26579901,7/14/2019,1/1/1900 7:00:00 PM,1935784,Brookside Field,6453440,Panthers,6453442,The Process,,,,,Evan completes late comeback and strikes out 9 to win,,1,2,0,4,0,0,0,0,0,6,6,0,1,0,6,0,0,0,0,0,7,2,0,3,0,,1/1/1900 7:45:00 PM,25
308183,841052,2019 BWB Season,26579910,7/14/2019,1/1/1900 7:45:00 PM,1935784,Brookside Field,6453442,The Process,6453440,Panthers,,,,,The Process sweep series using late 12-Run inning,,1,7,7,12,0,0,0,0,0,26,7,0,8,7,8,0,0,0,0,0,23,8,0,3,0,,1/1/1900 8:45:00 PM,26
308183,841052,2019 BWB Season,26589996,7/20/2019,1/1/1900 11:00:00 AM,1935784,Brookside Field,6453444,PawSox,6453439,Kraken,,,,,,,1,0,0,0,0,0,0,0,0,3,6,0,0,0,0,0,0,0,0,0,6,12,0,3,0,,1/1/1900 12:00:00 PM,27
308183,841052,2019 BWB Season,26590001,7/20/2019,1/1/1900 12:00:00 PM,1935784,Brookside Field,6453444,PawSox,6453439,Kraken,,,,,,,1,0,0,0,0,0,0,0,0,3,6,0,0,0,0,0,0,0,0,0,6,12,0,3,0,,1/1/1900 1:00:00 PM,28
308183,841052,2019 BWB Season,26590002,7/20/2019,1/1/1900 1:00:00 PM,1935784,Brookside Field,6453439,Kraken,6453444,PawSox,,,,,,,1,,,,,,,,,6,0,0,,,,,,,,,3,0,0,,0,,1/1/1900 2:00:00 PM,29
308183,841052,2019 BWB Season,26590003,7/20/2019,1/1/1900 2:00:00 PM,1935784,Brookside Field,6453444,PawSox,6453440,Panthers,,,,,,,1,0,0,0,0,0,0,0,0,6,0,0,0,0,0,0,0,0,0,0,9,0,0,3,0,,1/1/1900 3:00:00 PM,30
308183,841052,2019 BWB Season,26590004,7/20/2019,1/1/1900 3:00:00 PM,1935784,Brookside Field,6453444,PawSox,6453440,Panthers,,,,,,,1,,,,,,,,,6,0,0,,,,,,,,,9,0,0,,0,,1/1/1900 4:00:00 PM,31
308183,841052,2019 BWB Season,26590010,7/20/2019,1/1/1900 4:00:00 PM,1935784,Brookside Field,6453440,Panthers,6453444,PawSox,,,,,,,1,0,0,0,0,0,0,0,0,9,0,0,0,0,0,0,0,0,0,0,6,0,0,3,0,,1/1/1900 5:00:00 PM,32
308183,841052,2019 BWB Season,26590011,7/20/2019,1/1/1900 5:00:00 PM,1935784,Brookside Field,6453440,Panthers,6453444,PawSox,,,,,,,1,,,,,,,,,9,0,0,,,,,,,,,6,0,0,,0,,1/1/1900 6:00:00 PM,33
308183,841052,2019 BWB Season,26590014,7/20/2019,1/1/1900 5:00:00 PM,1935784,Brookside Field,6453444,PawSox,6453443,Lavahogs,,,,,,,1,,,,,,,,,3,0,0,,,,,,,,,6,0,0,,1,,1/1/1900 6:00:00 PM,34
308183,841052,2019 BWB Season,26590020,7/20/2019,1/1/1900 5:00:00 PM,1935784,Brookside Field,6453444,PawSox,6453443,Lavahogs,,,,,,,1,,,,,,,,,3,0,0,,,,,,,,,6,0,0,,1,,1/1/1900 6:00:00 PM,35
308183,841052,2019 BWB Season,26590026,7/20/2019,1/1/1900,1935784,Brookside Field,6453443,Lavahogs,6453444,PawSox,,,,,,,1,,,,,,,,,6,0,0,,,,,,,,,3,0,0,,1,,1/1/1900 1:00:00 PM,36
308183,841052,2019 BWB Season,26590029,7/20/2019,1/1/1900,1935784,Brookside Field,6453443,Lavahogs,6453444,PawSox,,,,,,,1,,,,,,,,,6,0,0,,,,,,,,,3,0,0,,1,,1/1/1900 1:00:00 PM,37
308183,841052,2019 BWB Season,26590035,7/20/2019,1/1/1900,1935784,Brookside Field,6453444,PawSox,6453441,Special K's,,,,,,,1,,,,,,,,,3,0,0,,,,,,,,,6,0,0,,1,,1/1/1900 1:00:00 PM,38
308183,841052,2019 BWB Season,26590088,7/20/2019,1/1/1900,1935784,Brookside Field,6453444,PawSox,6453441,Special K's,,,,,,,1,,,,,,,,,3,0,0,,,,,,,,,6,0,0,,1,,1/1/1900 1:00:00 PM,39
308183,841052,2019 BWB Season,26590094,7/20/2019,1/1/1900,1935784,Brookside Field,6453441,Special K's,6453444,PawSox,,,,,,,1,,,,,,,,,6,0,0,,,,,,,,,3,0,0,,1,,1/1/1900 1:00:00 PM,40
308183,841052,2019 BWB Season,26590095,7/20/2019,1/1/1900,1935784,Brookside Field,6453441,Special K's,6453444,PawSox,,,,,,,1,,,,,,,,,6,0,0,,,,,,,,,3,0,0,,1,,1/1/1900 1:00:00 PM,41
308183,841052,2019 BWB Season,26590096,7/20/2019,1/1/1900,1935784,Brookside Field,6453442,The Process,6453444,PawSox,,,,,,,1,,,,,,,,,9,0,0,,,,,,,,,6,0,0,,1,,1/1/1900 1:00:00 PM,42
308183,841052,2019 BWB Season,26590109,7/20/2019,1/1/1900 6:00:00 AM,1935784,Brookside Field,6453442,The Process,6453444,PawSox,,,,,,,1,,,,,,,,,9,0,0,,,,,,,,,6,0,0,,1,,1/1/1900,43
308183,841052,2019 BWB Season,26590110,7/20/2019,1/1/1900 6:00:00 AM,1935784,Brookside Field,6453442,The Process,6453444,PawSox,,,,,,,1,,,,,,,,,9,0,0,,,,,,,,,3,0,0,,1,,1/1/1900,44
308183,841052,2019 BWB Season,26590111,7/20/2019,1/1/1900 6:00:00 AM,1935784,Brookside Field,6453444,PawSox,6453442,The Process,,,,,,,1,,,,,,,,,6,0,0,,,,,,,,,9,0,0,,1,,1/1/1900,45
308183,841052,2019 BWB Season,26590112,7/20/2019,1/1/1900 6:00:00 AM,1935784,Brookside Field,6453444,PawSox,6453442,The Process,,,,,,,1,,,,,,,,,6,0,0,,,,,,,,,9,0,0,,1,,1/1/1900,46
308183,841052,2019 BWB Season,26590113,7/20/2019,1/1/1900 6:00:00 AM,1935784,Brookside Field,6453444,PawSox,6453442,The Process,,,,,,,1,,,,,,,,,6,0,0,,,,,,,,,9,0,0,,1,,1/1/1900,47
308183,841052,2019 BWB Season,26590928,7/21/2019,1/1/1900 5:30:00 PM,1935784,Brookside Field,6453440,Panthers,6453443,Lavahogs,,,,,Panthers explode for 13 home runs in game run rule win,,1,6,6,14,0,0,0,0,0,26,0,0,7,4,0,0,0,0,0,0,11,0,0,3,0,,1/1/1900 6:30:00 AM,48
308183,841052,2019 BWB Season,26602466,7/29/2019,1/1/1900 5:30:00 PM,1935784,Brookside Field,6453443,Lavahogs,6453440,Panthers,,,,,Lavahogs use walks and home runs to dominate the Panthers,,1,6,8,6,0,0,0,0,0,20,6,0,0,2,0,0,0,0,0,0,2,1,0,3,0,,1/1/1900 6:30:00 PM,49
308183,841052,2019 BWB Season,26602467,7/29/2019,1/1/1900 6:30:00 PM,1935784,Brookside Field,6453440,Panthers,6453443,Lavahogs,,,,,Panthers take lead late and Peter earns clutch save in win,,1,6,7,2,0,0,0,0,0,15,14,0,3,10,0,0,0,0,0,0,13,9,0,3,0,,1/1/1900 7:30:00 PM,50
308183,841052,2019 BWB Season,26631122,8/12/2019,1/1/1900 6:00:00 AM,1935784,Brookside Field,6453443,Lavahogs,6453441,Special K's,,,,,,,1,,,,,,,,,6,0,0,,,,,,,,,0,0,0,,1,,1/1/1900,51
308183,841052,2019 BWB Season,26631123,8/12/2019,1/1/1900 6:00:00 AM,1935784,Brookside Field,6453441,Special K's,6453443,Lavahogs,,,,,,,1,,,,,,,,,0,0,0,,,,,,,,,6,0,0,,1,,1/1/1900,52
308183,841052,2019 BWB Season,26631124,8/12/2019,1/1/1900 6:00:00 AM,1935784,Brookside Field,6453443,Lavahogs,6453441,Special K's,,,,,,,1,2,2,2,0,0,0,0,0,6,0,0,2,1,0,0,0,0,0,0,3,0,0,3,1,,1/1/1900,53
308183,841052,2019 BWB Season,26631125,8/12/2019,1/1/1900 6:00:00 AM,1935784,Brookside Field,6453441,Special K's,6453443,Lavahogs,,,,,,,1,,,,,,,,,0,0,0,,,,,,,,,6,0,0,,1,,1/1/1900,54
308183,841052,2019 BWB Season,26631126,8/12/2019,1/1/1900 6:00:00 AM,1935784,Brookside Field,6453443,Lavahogs,6453441,Special K's,,,,,,,1,,,,,,,,,6,0,0,,,,,,,,,0,0,0,,1,,1/1/1900,55
308183,841052,2019 BWB Season,26631127,8/12/2019,1/1/1900 6:00:00 AM,1935784,Brookside Field,6453441,Special K's,6453443,Lavahogs,,,,,,,1,2,1,0,0,0,0,0,0,3,0,0,2,2,2,0,0,0,0,0,6,0,0,3,1,,1/1/1900,56
308183,841052,2019 BWB Season,26631128,8/12/2019,1/1/1900 6:00:00 AM,1935784,Brookside Field,6453440,Panthers,6453441,Special K's,,,,,,,1,,,,,,,,,6,0,0,,,,,,,,,0,0,0,,1,,1/1/1900,57
308183,841052,2019 BWB Season,26631129,8/12/2019,1/1/1900 6:00:00 AM,1935784,Brookside Field,6453441,Special K's,6453440,Panthers,,,,,,,1,,,,,,,,,0,0,0,,,,,,,,,6,0,0,,1,,1/1/1900,58
308183,841052,2019 BWB Season,26631130,8/12/2019,1/1/1900 6:00:00 AM,1935784,Brookside Field,6453440,Panthers,6453441,Special K's,,,,,,,1,,,,,,,,,6,0,0,,,,,,,,,0,0,0,,1,,1/1/1900,59
308183,841052,2019 BWB Season,26631131,8/12/2019,1/1/1900 6:00:00 AM,1935784,Brookside Field,6453441,Special K's,6453440,Panthers,,,,,,,1,,,,,,,,,0,0,0,,,,,,,,,6,0,0,,1,,1/1/1900,60
308183,841052,2019 BWB Season,26631132,8/12/2019,1/1/1900 6:00:00 AM,1935784,Brookside Field,6453439,Kraken,6453441,Special K's,,,,,,,1,,,,,,,,,6,0,0,,,,,,,,,0,0,0,,1,,1/1/1900,61
308183,841052,2019 BWB Season,26631133,8/12/2019,1/1/1900 6:00:00 AM,1935784,Brookside Field,6453441,Special K's,6453439,Kraken,,,,,,,1,,,,,,,,,0,0,0,,,,,,,,,6,0,0,,1,,1/1/1900,62
308183,841052,2019 BWB Season,26631134,8/12/2019,1/1/1900 6:00:00 AM,1935784,Brookside Field,6453442,The Process,6453441,Special K's,,,,,,,1,2,2,2,0,0,0,0,0,6,0,0,2,1,0,0,0,0,0,0,3,0,0,3,1,,1/1/1900,63
308183,841052,2019 BWB Season,26631135,8/12/2019,1/1/1900 6:00:00 AM,1935784,Brookside Field,6453441,Special K's,6453442,The Process,,,,,,,1,,,,,,,,,0,0,0,,,,,,,,,6,0,0,,1,,1/1/1900,64
308183,841052,2019 BWB Season,26631137,8/12/2019,1/1/1900 6:00:00 AM,1935784,Brookside Field,6453442,The Process,6453441,Special K's,,,,,,,1,,,,,,,,,6,0,0,,,,,,,,,0,0,0,,1,,1/1/1900,65
308183,841052,2019 BWB Season,26631143,8/12/2019,1/1/1900 6:00:00 AM,1935784,Brookside Field,6453441,Special K's,6453442,The Process,,,,,,,1,2,1,0,0,0,0,0,0,3,0,0,2,2,2,0,0,0,0,0,6,0,0,3,1,,1/1/1900,66
308183,841052,2019 BWB Season,26631145,8/13/2019,1/1/1900 5:30:00 PM,1935784,Brookside Field,6453443,Lavahogs,6453440,Panthers,,,,,Bob's one-hit start coupled with great offense lead to win,,1,6,7,2,0,0,0,0,0,15,6,0,0,0,0,0,0,0,0,0,0,1,0,3,0,,1/1/1900 6:30:00 PM,67
308183,841052,2019 BWB Season,26631146,8/13/2019,1/1/1900 6:30:00 PM,1935784,Brookside Field,6453440,Panthers,6453443,Lavahogs,,,,,Daniel throws gem and Panthers clutch up to win,,1,2,6,1,0,0,0,0,0,9,9,0,3,1,2,0,0,0,0,0,6,3,0,3,0,,1/1/1900 7:15:00 PM,68
308183,841052,2019 BWB Season,26631178,8/13/2019,1/1/1900 7:15:00 PM,1935784,Brookside Field,6453443,Lavahogs,6453440,Panthers,,,,,Lavahogs explode for 15 in the 3rd to clinch first place,,1,1,6,15,0,0,0,0,0,22,15,0,1,6,0,0,0,0,0,0,7,3,0,3,0,,1/1/1900 8:00:00 PM,69
308183,841052,2019 BWB Season,26633437,8/14/2019,1/1/1900 6:00:00 PM,1935784,Brookside Field,6453439,Kraken,6453442,The Process,,,,,Parker throws shutout and comes up clutch to win,,1,0,7,0,0,0,0,0,0,7,8,0,0,0,0,0,0,0,0,0,0,3,0,3,0,,1/1/1900 6:45:00 PM,70
308183,841052,2019 BWB Season,26633438,8/14/2019,1/1/1900 6:45:00 PM,1935784,Brookside Field,6453442,The Process,6453439,Kraken,,,,,Evan keeps hitting Kraken pitching in big victory,,1,4,5,3,0,0,0,0,0,12,9,0,0,2,3,0,0,0,0,0,5,8,0,3,0,,1/1/1900 7:30:00 PM,71
308183,841052,2019 BWB Season,26633439,8/14/2019,1/1/1900 7:30:00 PM,1935784,Brookside Field,6453439,Kraken,6453442,The Process,,,,,Kraken use the longball to finish season strong with a win,,1,2,6,2,0,0,0,0,0,10,14,0,0,6,0,0,0,0,0,0,6,10,0,3,0,,1/1/1900 8:15:00 PM,72
308183,853327,2019 BWB Playoffs,26641901,9/3/2019,1/1/1900 3:00:00 PM,1935784,Brookside Field,6567178,Kraken,6567179,The Process,,,,,Evan's clutch home run proves enough to win and advance,,1,0,0,1,0,0,0,0,0,1,3,0,0,2,0,0,0,0,0,0,2,3,0,3,0,South Wild Card Game,1/1/1900 4:00:00 PM,2
308183,853327,2019 BWB Playoffs,26641902,9/3/2019,1/1/1900 2:00:00 PM,1935784,Brookside Field,6567180,Panthers,6567181,Lavahogs,,,,,Lavahogs use patience and gem by Brandon to advance,,1,3,1,0,0,0,0,0,0,4,3,0,4,1,0,0,0,0,0,0,5,1,0,3,0,North Wild Card Game,1/1/1900 3:00:00 PM,1
308183,853327,2019 BWB Playoffs,26716225,9/3/2019,1/1/1900 6:30:00 PM,1935784,Brookside Field,6567179,The Process,6567181,Lavahogs,,,,,Evan hits 7 home runs and pitches well to game one win,,1,9,4,8,0,0,0,0,0,21,19,0,6,0,0,0,0,0,0,0,6,6,0,3,0,,1/1/1900 7:30:00 PM,3
308183,853327,2019 BWB Playoffs,26716231,9/4/2019,1/1/1900 12:00:00 PM,1935784,Brookside Field,6567181,Lavahogs,6567179,The Process,,,,,Evan uses home runs and clutch pitching to win it all!,,1,7,0,1,0,0,0,0,0,8,8,0,5,9,0,0,0,0,0,0,14,13,0,3,0,,1/1/1900 1:00:00 PM,4
308183,925605,2020 BWB Season,27303014,6/7/2020,1/1/1900 1:00:00 PM,1935784,Brookside Field,6730654,The Process,6730653,Lavahogs,,,,,AJ hits walk-off homer to seal Hogs first win,,1,0,2,1,0,0,0,0,0,3,7,0,2,0,2,0,0,0,0,0,4,3,0,3,0,,1/1/1900 1:30:00 PM,1
308183,925605,2020 BWB Season,27303015,6/7/2020,1/1/1900 1:30:00 PM,1935784,Brookside Field,6730653,Lavahogs,6730654,The Process,,,,,Evan hits seven homers in dominating first win,,1,0,2,0,0,0,0,0,0,2,1,0,8,4,0,0,0,0,0,0,12,9,0,3,0,,1/1/1900 2:00:00 PM,2
308183,925605,2020 BWB Season,27303017,6/7/2020,1/1/1900 2:00:00 PM,1935784,Brookside Field,6730654,The Process,6730653,Lavahogs,,,,,Evan jumps on Hogs early for win,,1,4,3,0,0,0,0,0,0,7,8,0,6,0,0,0,0,0,0,0,6,5,0,3,0,,1/1/1900 2:30:00 PM,3
308183,925605,2020 BWB Season,27320815,6/13/2020,1/1/1900 3:30:00 PM,1935784,Brookside Field,6730652,Panthers,6730655,Special K's,,,,,Vinny homers twice to power Panthers to decisive first win,,1,6,6,9,0,0,0,0,0,21,6,0,6,0,0,0,0,0,0,0,6,2,0,3,0,,1/1/1900 4:30:00 PM,4
308183,925605,2020 BWB Season,27320816,6/13/2020,1/1/1900 4:30:00 PM,1935784,Brookside Field,6730655,Special K's,6730652,Panthers,,,,,Jason shines in first start to lead Special K's to first win,,1,1,6,7,0,0,0,0,0,14,6,0,0,3,0,0,0,0,0,0,3,6,0,3,0,,1/1/1900 5:30:00 PM,5
308183,925605,2020 BWB Season,27320817,6/13/2020,1/1/1900 5:30:00 PM,1935784,Brookside Field,6730652,Panthers,6730655,Special K's,,,,,Vinny's late homer proves to be the difference in win,,1,7,6,2,0,0,0,0,0,15,5,0,7,6,0,0,0,0,0,0,13,1,0,3,0,,1/1/1900 6:30:00 PM,6
308183,925605,2020 BWB Season,27338368,6/18/2020,1/1/1900 6:00:00 PM,1935784,Brookside Field,6730654,The Process,6730656,PawSox,,,,,Evan clutches up in the 4th to seal late inning win,,1,0,8,3,5,0,0,0,0,16,10,0,3,0,8,0,0,0,0,0,11,5,0,4,0,,1/1/1900 7:00:00 PM,7
308183,925605,2020 BWB Season,27338369,6/18/2020,1/1/1900 7:00:00 PM,1935784,Brookside Field,6730656,PawSox,6730654,The Process,,,,,Evan dominates on the mound and at the plate for win,,1,0,0,0,0,0,0,0,0,0,3,0,6,8,0,0,0,0,0,0,14,12,0,3,0,,1/1/1900 7:30:00 PM,8
308183,925605,2020 BWB Season,27338370,6/18/2020,1/1/1900 7:30:00 PM,1935784,Brookside Field,6730654,The Process,6730656,PawSox,,,,,PawSox rally back late for first franchise win,,1,1,2,3,0,0,0,0,0,6,9,0,0,3,3,1,0,0,0,0,7,5,0,4,0,,1/1/1900 8:00:00 PM,9
308183,925605,2020 BWB Season,27340661,6/20/2020,1/1/1900 1:30:00 PM,1935784,Brookside Field,6730653,Lavahogs,6730646,Kraken,,,,,Kraken rally back late to come out winners of pitchers duel,,1,0,0,1,0,0,0,0,0,1,3,0,0,0,2,0,0,0,0,0,2,2,0,3,0,,1/1/1900 2:00:00 PM,10
308183,925605,2020 BWB Season,27340663,6/20/2020,1/1/1900 2:00:00 PM,1935784,Brookside Field,6730646,Kraken,6730653,Lavahogs,,,,,James has 11 RBI game in slugfest win for Kraken,,1,8,6,5,0,0,0,0,0,19,16,0,3,10,3,0,0,0,0,0,16,10,0,3,0,,1/1/1900 3:00:00 PM,11
308183,925605,2020 BWB Season,27340664,6/20/2020,1/1/1900 3:00:00 PM,1935784,Brookside Field,6730653,Lavahogs,6730646,Kraken,,,,,The Kraken's 11 run second put them ahead for good in win,,1,1,4,0,0,0,0,0,0,5,4,0,0,11,0,0,0,0,0,0,11,11,0,3,0,,1/1/1900 4:00:00 PM,12
308183,925605,2020 BWB Season,27348672,6/23/2020,1/1/1900 5:30:00 PM,1935784,Brookside Field,6730654,The Process,6730655,Special K's,,,,,Evan hits 9 homers and has 12 run 3rd in big win,,1,6,2,12,0,0,0,0,0,20,16,0,4,4,4,0,0,0,0,0,12,5,0,3,0,,1/1/1900 6:30:00 PM,13
308183,925605,2020 BWB Season,27348675,6/23/2020,1/1/1900 6:30:00 PM,1935784,Brookside Field,6730655,Special K's,6730654,The Process,,,,,Evan comes up clutch in the 3rd to to support one hitter win,,1,0,2,0,0,0,0,0,0,2,1,0,0,0,5,0,0,0,0,0,5,4,0,3,0,,1/1/1900 7:30:00 PM,14
308183,925605,2020 BWB Season,27348676,6/23/2020,1/1/1900 7:30:00 PM,1935784,Brookside Field,6730654,The Process,6730655,Special K's,,,,,,,1,2,2,2,1,0,0,0,0,7,6,0,5,0,1,0,0,0,0,0,6,4,0,4,0,,1/1/1900 8:30:00 PM,15
308183,925605,2020 BWB Season,27361077,6/28/2020,1/1/1900 3:00:00 PM,1935784,Brookside Field,6730656,PawSox,6730652,Panthers,,,,,PawSox rally back late to stun Panthers in comeback win,,1,0,0,12,8,0,0,0,0,20,9,0,9,0,3,2,0,0,0,0,14,4,0,4,0,,1/1/1900 4:00:00 PM,16
308183,925605,2020 BWB Season,27377659,7/2/2020,1/1/1900 3:45:00 PM,1935784,Brookside Field,6730655,Special K's,6730653,Lavahogs,,,,,Lavahogs break out offensively and walk-off for win,,1,7,1,3,0,0,0,0,0,11,6,0,9,2,1,0,0,0,0,0,12,11,0,3,0,,1/1/1900 4:30:00 PM,17
308183,925605,2020 BWB Season,27377660,7/2/2020,1/1/1900 4:30:00 PM,1935784,Brookside Field,6730653,Lavahogs,6730655,Special K's,,,,,Special K's use offense to come out with decisive win,,1,0,4,2,0,0,0,0,0,6,4,0,6,6,0,0,0,0,0,0,12,10,0,3,0,,1/1/1900 5:00:00 PM,18
308183,925605,2020 BWB Season,27377661,7/2/2020,1/1/1900 5:00:00 PM,1935784,Brookside Field,6730655,Special K's,6730653,Lavahogs,,,,,Special K's come out strong early to win the series,,1,8,0,0,0,0,0,0,0,8,11,0,1,0,0,0,0,0,0,0,1,5,0,3,0,,1/1/1900 6:00:00 PM,19
308183,925605,2020 BWB Season,27377664,7/2/2020,1/1/1900 6:30:00 PM,1935784,Brookside Field,6730652,Panthers,6730656,PawSox,,,,,PawSox use patience to come out on top in the win,,1,4,8,0,0,0,0,0,0,12,9,0,6,6,1,0,0,0,0,0,13,1,0,3,0,,1/1/1900 7:30:00 PM,20
308183,925605,2020 BWB Season,27377665,7/2/2020,1/1/1900 7:30:00 PM,1935784,Brookside Field,6730656,PawSox,6730652,Panthers,,,,,Zach strikes out 9 in complete game win for the series sweep,,1,5,0,6,0,0,0,0,0,11,4,0,2,1,4,0,0,0,0,0,7,1,0,3,0,,1/1/1900 8:30:00 PM,21
308183,925605,2020 BWB Season,27415249,7/20/2020,1/1/1900 5:00:00 PM,1935784,Brookside Field,6730656,PawSox,6730646,Kraken,,,,,Kraken battle with PawSox and outlast them late to win,,1,0,0,3,0,0,0,0,0,3,1,0,0,3,1,0,0,0,0,0,4,0,0,3,0,,1/1/1900 6:00:00 PM,22
308183,925605,2020 BWB Season,27415250,7/20/2020,1/1/1900 6:00:00 PM,1935784,Brookside Field,6730646,Kraken,6730656,PawSox,,,,,PawSox offense comes alive and holds on for game 2 win,,1,2,1,9,0,0,0,0,0,12,2,0,6,7,0,0,0,0,0,0,13,3,0,3,0,,1/1/1900 7:00:00 PM,23
308183,925605,2020 BWB Season,27415251,7/20/2020,1/1/1900 7:00:00 PM,1935784,Brookside Field,6730656,PawSox,6730646,Kraken,,,,,Kraken are patient at the plate to take series,,1,0,0,0,0,0,0,0,0,0,2,0,0,0,0,1,0,0,0,0,1,0,0,4,0,,1/1/1900 8:00:00 PM,24
308183,925605,2020 BWB Season,27426176,7/27/2020,1/1/1900 5:00:00 PM,1935784,Brookside Field,6730646,Kraken,6730652,Panthers,,,,,Peter hits walk-off homer to spoil late Kraken comeback,,1,3,0,7,0,0,0,0,0,10,4,0,6,3,2,0,0,0,0,0,11,8,0,3,0,,1/1/1900 6:00:00 PM,25
308183,925605,2020 BWB Season,27426177,7/27/2020,1/1/1900 6:00:00 PM,1935784,Brookside Field,6730652,Panthers,6730646,Kraken,,,,,Panthers outlast Kraken in slugfest to take series,,1,6,8,7,0,0,0,0,0,21,11,0,6,8,4,0,0,0,0,0,18,13,0,3,0,,1/1/1900 7:00:00 PM,26
308183,925605,2020 BWB Season,27426178,7/27/2020,1/1/1900 7:00:00 PM,1935784,Brookside Field,6730646,Kraken,6730652,Panthers,,,,,Kraken hold off later Panthers comeback to salvage game 3,,1,5,6,2,0,0,0,0,0,13,5,0,7,0,5,0,0,0,0,0,12,14,0,3,0,,1/1/1900 8:00:00 PM,27
308183,925605,2020 BWB Season,27441639,8/3/2020,1/1/1900 3:30:00 PM,1935784,Brookside Field,6730653,Lavahogs,6730656,PawSox,,,,,Zach dominates on the mound for game one victory,,1,0,0,0,0,0,0,0,0,0,3,0,8,0,0,0,0,0,0,0,8,9,0,3,0,,1/1/1900 4:30:00 PM,28
308183,925605,2020 BWB Season,27441641,8/3/2020,1/1/1900 4:30:00 PM,1935784,Brookside Field,6730656,PawSox,6730653,Lavahogs,,,,,,,1,0,0,0,0,0,0,0,0,9,6,0,0,0,0,0,0,0,0,0,6,7,0,0,0,,1/1/1900 5:30:00 PM,29
308183,925605,2020 BWB Season,27441644,8/3/2020,1/1/1900 5:30:00 PM,1935784,Brookside Field,6730653,Lavahogs,6730656,PawSox,,,,,,,1,0,0,0,0,0,0,0,0,6,0,0,0,0,0,0,0,0,0,0,9,0,0,0,0,,1/1/1900 6:00:00 PM,30
308183,925605,2020 BWB Season,27441649,8/3/2020,1/1/1900 6:30:00 PM,1935784,Brookside Field,6730653,Lavahogs,6730652,Panthers,,,,,Panthers clutch up late to walk-off in game one,,1,6,0,0,0,0,0,0,0,6,4,0,0,2,5,0,0,0,0,0,7,4,0,3,0,,1/1/1900 7:30:00 PM,31
308183,925605,2020 BWB Season,27441650,8/3/2020,1/1/1900 7:30:00 PM,1935784,Brookside Field,6730652,Panthers,6730653,Lavahogs,,,,,Lavahogs use patience to come out on top in game two,,1,5,1,3,0,0,0,0,0,9,10,0,6,1,3,0,0,0,0,0,10,0,0,3,0,,1/1/1900 8:30:00 PM,32
308183,925605,2020 BWB Season,27441651,8/3/2020,1/1/1900 8:30:00 PM,1935784,Brookside Field,6730653,Lavahogs,6730652,Panthers,,,,,Panther pitching shuts down Lavahogs to clinch postseason,,1,0,0,0,0,0,0,0,0,0,6,0,7,0,0,0,0,0,0,0,7,13,0,3,0,,1/1/1900 9:00:00 PM,33
308183,939319,2020 All-Star Game,27443080,8/3/2020,1/1/1900 1:30:00 PM,1935784,Brookside Field,6758051,North Division,6758052,South Division,,,,,Kyle has 8 RBIs to lead South Division to All-Star victory,,1,0,0,3,9,1,0,0,0,13,7,0,0,1,3,8,2,0,0,0,14,6,0,5,0,,1/1/1900 3:00:00 PM,1
308183,925605,2020 BWB Season,27463149,8/17/2020,1/1/1900 3:00:00 PM,1935784,Brookside Field,6730652,Panthers,6730654,The Process,,,,,Evan has 9 RBIs to help Process hold off Panthers in win,,1,3,1,9,0,0,0,0,0,13,7,0,9,5,0,0,0,0,0,0,14,6,0,3,0,,1/1/1900 4:00:00 PM,34
308183,925605,2020 BWB Season,27463150,8/17/2020,1/1/1900 4:00:00 PM,1935784,Brookside Field,6730654,The Process,6730652,Panthers,,,,,Alex is dominant in first start to lead Process to win,,1,6,0,8,0,0,0,0,0,14,4,0,0,0,3,0,0,0,0,0,3,3,0,3,0,,1/1/1900 5:00:00 PM,35
308183,925605,2020 BWB Season,27463151,8/17/2020,1/1/1900 5:00:00 PM,1935784,Brookside Field,6730652,Panthers,6730654,The Process,,,,,Process use patience and timely home runs to sweep series,,1,6,1,2,0,0,0,0,0,9,6,0,9,6,0,0,0,0,0,0,15,5,0,3,0,,1/1/1900 6:00:00 PM,36
308183,925605,2020 BWB Season,27498754,9/3/2020,1/1/1900 5:00:00 PM,1935784,Brookside Field,6730655,Special K's,6730656,PawSox,,,,,Zach throws first career no-hitter in pitching duel win,,1,0,0,0,0,0,0,0,0,0,0,0,1,2,0,0,0,0,0,0,3,1,0,3,0,,1/1/1900 6:00:00 PM,37
308183,925605,2020 BWB Season,27498755,9/3/2020,1/1/1900 6:00:00 PM,1935784,Brookside Field,6730656,PawSox,6730655,Special K's,,,,,Ben throws one-hitter in blowout game two win,,1,6,3,0,0,0,0,0,0,9,7,0,1,0,0,0,0,0,0,0,1,1,0,3,0,,1/1/1900 7:00:00 PM,38
308183,925605,2020 BWB Season,27498756,9/3/2020,1/1/1900 7:00:00 PM,1935784,Brookside Field,6730655,Special K's,6730656,PawSox,,,,,Zach throws another no-hitter to finish off series sweep,,1,0,0,0,0,0,0,0,0,0,0,0,2,1,0,0,0,0,0,0,3,3,0,3,0,,1/1/1900 8:00:00 PM,39
308183,925605,2020 BWB Season,27499218,9/4/2020,1/1/1900 5:00:00 PM,1935784,Brookside Field,6730646,Kraken,6730655,Special K's,,,,,,,1,0,0,0,0,0,0,0,0,3,9,0,0,0,0,0,0,0,0,0,0,6,0,3,0,,1/1/1900 6:00:00 PM,40
308183,925605,2020 BWB Season,27499219,9/4/2020,1/1/1900 6:00:00 PM,1935784,Brookside Field,6730655,Special K's,6730646,Kraken,,,,,,,1,0,0,0,0,0,0,0,0,3,4,0,0,0,0,0,0,0,0,0,6,8,0,3,0,,1/1/1900 7:00:00 PM,41
308183,925605,2020 BWB Season,27499221,9/4/2020,1/1/1900 7:00:00 PM,1935784,Brookside Field,6730646,Kraken,6730655,Special K's,,,,,,,1,0,0,0,0,0,0,0,0,6,8,0,0,0,0,0,0,0,0,0,3,4,0,3,0,,1/1/1900 8:00:00 PM,42
308183,925605,2020 BWB Season,27525879,9/14/2020,1/1/1900 5:30:00 PM,1935784,Brookside Field,6730646,Kraken,6730654,The Process,,,,,Kraken explode on offensive for decisive game one victory,,1,6,6,0,0,0,0,0,0,12,11,0,4,0,0,0,0,0,0,0,4,3,0,3,0,,1/1/1900 6:00:00 PM,43
308183,925605,2020 BWB Season,27525880,9/14/2020,1/1/1900 6:00:00 PM,1935784,Brookside Field,6730654,The Process,6730646,Kraken,,,,,Evan comes up clutch on the mound to clinch playoff berth,,1,6,4,0,0,0,0,0,0,10,5,0,3,0,4,0,0,0,0,0,7,7,0,3,0,,1/1/1900 6:30:00 PM,44
308183,925605,2020 BWB Season,27525881,9/14/2020,1/1/1900 6:30:00 PM,1935784,Brookside Field,6730646,Kraken,6730654,The Process,,,,,Kraken put together solid offensive game to clinch South,,1,6,2,3,0,0,0,0,0,11,11,0,2,3,3,0,0,0,0,0,8,8,0,3,0,,1/1/1900 7:00:00 PM,45
308183,951946,2020 BWB Playoffs,27527839,9/28/2020,1/1/1900 1:00:00 PM,1935784,Brookside Field,6783755,Special K's,6783753,Panthers,,,,,Jake throws no-hitter and come up clutch,,1,0,0,0,7,0,0,0,0,7,2,0,0,0,0,0,0,0,0,0,0,0,0,4,0,2020 North Division Wild Card Game,1/1/1900 2:00:00 PM,1
308183,951946,2020 BWB Playoffs,27527840,9/28/2020,1/1/1900 2:00:00 PM,1935784,Brookside Field,6783754,The Process,6783752,Kraken,,,,,Evan hits 2-run homer and shines on the mound for win,,1,0,2,0,0,0,0,0,0,2,2,0,0,0,0,0,0,0,0,0,0,2,0,3,0,2020 South Division Wild Card Game,1/1/1900 3:00:00 PM,2
308183,951946,2020 BWB Playoffs,27548626,9/28/2020,1/1/1900 3:00:00 PM,1935784,Brookside Field,6783755,Special K's,6783754,The Process,,,,,The Process stave off late comeback to take game one,,1,6,0,4,0,0,0,0,0,10,3,0,5,6,0,0,0,0,0,0,11,10,0,3,0,,1/1/1900 4:00:00 PM,3
308183,951946,2020 BWB Playoffs,27548627,9/28/2020,1/1/1900 4:00:00 PM,1935784,Brookside Field,6783754,The Process,6783755,Special K's,,,,,Special K's rally back late to force first ever game three,,1,3,0,0,0,0,0,0,0,3,2,0,0,0,4,0,0,0,0,0,4,0,0,3,0,,1/1/1900 5:00:00 PM,4
308183,951946,2020 BWB Playoffs,27548628,9/30/2020,1/1/1900 1:00:00 PM,1935784,Brookside Field,6783755,Special K's,6783754,The Process,,,,,Jason throws absolute gem to lead SpecialK's to championship,,1,2,2,0,0,0,0,0,0,4,2,0,0,1,0,0,0,0,0,0,1,2,0,3,0,,1/1/1900 2:00:00 PM,5
308183,956418,2020 BWB Fall Season,27550702,9/29/2020,1/1/1900 5:30:00 AM,2121632,The Ave,6790230,Panthers,6790229,Gladiators,,,,,Panthers clutch up at the plate and on the mound for win,,1,0,7,5,0,0,0,0,0,12,8,0,6,5,0,0,0,0,0,0,11,5,0,3,0,,1/1/1900 6:15:00 PM,1
308183,956418,2020 BWB Fall Season,27550707,9/29/2020,1/1/1900 6:15:00 PM,2121632,The Ave,6790229,Gladiators,6790230,Panthers,,,,,Panthers use late inning magic to take game two,,1,1,5,3,0,0,0,0,0,9,3,0,1,6,3,0,0,0,0,0,10,8,0,3,0,,1/1/1900 7:00:00 PM,2
308183,956418,2020 BWB Fall Season,27553845,10/1/2020,1/1/1900 3:30:00 AM,1970011,Brentwood Park,6790230,Panthers,6790596,Kraken,,,,,Peter throws one-hit shutout to win pitchers duel,,1,2,0,0,0,0,0,0,0,2,2,0,0,0,0,0,0,0,0,0,0,1,0,3,0,,1/1/1900 4:00:00 PM,3
308183,956418,2020 BWB Fall Season,27553846,10/1/2020,1/1/1900 4:00:00 PM,1970011,Brentwood Park,6790596,Kraken,6790230,Panthers,,,,,Panther offensive shines to support Vinny in win,,1,0,6,0,0,0,0,0,0,6,2,0,5,5,0,0,0,0,0,0,10,8,0,3,0,,1/1/1900 4:30:00 PM,5
308183,956418,2020 BWB Fall Season,27553847,10/1/2020,1/1/1900 4:30:00 PM,1970011,Brentwood Park,6790230,Panthers,6790596,Kraken,,,,,Peter is dominate again to sweep series,,1,3,2,0,0,0,0,0,0,5,7,0,0,0,0,0,0,0,0,0,0,1,0,3,0,,1/1/1900 5:00:00 PM,5
308183,956418,2020 BWB Fall Season,27553848,10/1/2020,1/1/1900 5:00:00 PM,1935784,Brookside Field,6790230,Panthers,6790229,Gladiators,,,,,Panthers offense explodes to sweep series,,1,8,5,13,0,0,0,0,0,26,12,0,0,11,0,0,0,0,0,0,11,4,0,3,0,,1/1/1900 6:00:00 PM,6
308183,988941,2021 BWB Spring Training,27742617,3/6/2021,1/1/1900 1:00:00 PM,1970011,Brentwood Park,6840935,Panthers,6840936,Gladiators,,,,,Panthers offense explodes in slugfest for 19 runs,,1,6,6,7,0,0,0,0,0,19,6,0,6,6,0,0,0,0,0,0,12,0,0,3,0,,1/1/1900 1:40:00 PM,1
308183,988941,2021 BWB Spring Training,27742618,3/6/2021,1/1/1900 1:45:00 PM,1970011,Brentwood Park,6840936,Gladiators,6840935,Panthers,,,,,Yuichiro shines in his debut start on the mound!!,,1,2,0,1,0,0,0,0,0,3,2,0,5,6,0,0,0,0,0,0,11,4,0,3,0,,1/1/1900 2:25:00 PM,2
308183,988941,2021 BWB Spring Training,27742619,3/6/2021,1/1/1900 2:30:00 PM,1970011,Brentwood Park,6840935,Panthers,6840936,Gladiators,,,,,T.J. comes up big in save scenario for Gladiators.,,1,5,0,0,0,0,0,0,0,5,4,0,6,0,0,0,0,0,0,0,6,0,0,2,0,,1/1/1900 3:05:00 PM,3
308183,988941,2021 BWB Spring Training,27742781,3/9/2021,1/1/1900 4:30:00 PM,1970011,Brentwood Park,6840936,Gladiators,6840935,Panthers,,,,,"Peter throws complete game shutout, glads left stunned",,1,0,0,0,0,0,0,0,0,0,1,0,3,2,0,0,0,0,0,0,5,4,0,3,0,,1/1/1900 5:00:00 PM,4
308183,988941,2021 BWB Spring Training,27742782,3/9/2021,1/1/1900 5:05:00 PM,1970011,Brentwood Park,6840935,Panthers,6840936,Gladiators,,,,,Panthers pull off a tear jerking comeback in the third,,1,2,0,15,0,0,0,0,0,17,12,0,5,7,0,0,0,0,0,0,12,5,0,3,0,,1/1/1900 5:45:00 PM,5
308183,988942,2021 BWB Season,27851395,4/3/2021,1/1/1900 2:00:00 PM,1970011,Brentwood Park,6844260,Dragons,6844259,Panthers,,,,,Peter and Yuichiro hit homers in big Opening Day win,,1,0,5,0,0,0,0,0,0,5,4,0,7,6,0,0,0,0,0,0,13,5,0,3,0,,1/1/1900 3:00:00 PM,1
308183,988942,2021 BWB Season,27851408,4/3/2021,1/1/1900 3:00:00 PM,1970011,Brentwood Park,6844259,Panthers,6844260,Dragons,,,,,Tristan finds his rhythm and is clutch for first Dragon win,,1,6,2,0,0,0,0,0,0,8,8,0,7,0,2,0,0,0,0,0,9,4,0,3,0,,1/1/1900 4:00:00 PM,2
308183,988942,2021 BWB Season,27851409,4/3/2021,1/1/1900 4:00:00 PM,1970011,Brentwood Park,6844260,Dragons,6844259,Panthers,,,,,Peter and Trevor come up clutch on offense for series win,,1,1,3,3,0,0,0,0,0,7,6,0,2,1,4,1,0,0,0,0,8,6,0,4,0,,1/1/1900 5:00:00 PM,3
308183,988942,2021 BWB Season,27851412,4/3/2021,1/1/1900 5:00:00 PM,1970011,Brentwood Park,6844261,The Process,6844258,Gladiators,,,,,Evan is clutch late with homers and pitching for first win,,1,0,6,3,2,0,0,0,0,11,13,0,6,1,2,0,0,0,0,0,9,4,0,4,0,,1/1/1900 6:00:00 PM,4
308183,988941,2021 BWB Spring Training,27853440,4/4/2021,1/1/1900 3:00:00 PM,1952831,Westport Yards,6840936,Gladiators,6859389,Kraken,,,,,Bennett hits 3 home runs in big Gladiators extra inning win,,1,7,1,1,2,0,0,0,0,11,14,0,3,3,3,0,0,0,0,0,9,14,0,4,0,,1/1/1900 3:30:00 PM,6
308183,988942,2021 BWB Season,27886575,4/8/2021,1/1/1900 5:30:00 PM,1935784,Brookside Field,6844257,Kraken,6844258,Gladiators,,,,,James hits 3 homers and drives in 5 to win Opening Day,,1,4,4,1,0,0,0,0,0,9,11,0,0,2,2,0,0,0,0,0,4,6,0,3,0,,1/1/1900 6:00:00 PM,5
308183,988942,2021 BWB Season,27886576,4/8/2021,1/1/1900 6:00:00 PM,1935784,Brookside Field,6844258,Gladiators,6844257,Kraken,,,,,Nick shines on the mound in debut for first career win,,1,6,3,4,0,0,0,0,0,13,11,0,1,0,1,0,0,0,0,0,2,4,0,3,0,,1/1/1900 6:30:00 PM,6
308183,988942,2021 BWB Season,27886581,4/8/2021,1/1/1900 6:30:00 PM,1935784,Brookside Field,6844257,Kraken,6844258,Gladiators,,,,,Gladiators take lead late to comeback and win series,,1,1,6,0,0,0,0,0,0,7,8,0,4,8,0,0,0,0,0,0,12,12,0,3,0,,1/1/1900 7:00:00 PM,7
308183,925605,2020 BWB Season,27974961,4/24/2021,1/1/1900 3:30:00 PM,1970011,Brentwood Park,6844258,Gladiators,6844260,Dragons,,,,,Brandon throws gem to lead Gladiators to win,,1,1,2,0,0,0,0,0,0,3,4,0,0,1,0,0,0,0,0,0,1,3,0,3,0,,1/1/1900 4:00:00 PM,8
308183,988942,2021 BWB Season,27974973,4/24/2021,1/1/1900 4:00:00 PM,1970011,Brentwood Park,6844260,Dragons,6844258,Gladiators,,,,,AJ comes up clutch with go-ahead grand slam to win,,1,0,2,0,0,0,0,0,0,2,1,0,0,4,0,0,0,0,0,0,4,3,0,3,0,,1/1/1900 4:30:00 PM,9
308183,988942,2021 BWB Season,27974974,4/24/2021,1/1/1900 4:30:00 PM,1970011,Brentwood Park,6844258,Gladiators,6844260,Dragons,,,,,Brandon and Austin use their bats to lead to series sweep,,1,2,4,3,0,0,0,0,0,9,10,0,1,0,1,0,0,0,0,0,2,6,0,3,0,,1/1/1900 5:00:00 PM,10
308183,988942,2021 BWB Season,28136652,6/14/2021,1/1/1900 4:30:00 PM,1935784,Brookside Field,6844259,Panthers,6844257,Kraken,,,,,James comes up clutch to get Kraken extra inning win,,1,0,1,0,0,1,0,0,0,2,7,0,0,1,0,0,1,3,0,0,5,7,0,6,0,,1/1/1900 6:00:00 PM,11
308183,988942,2021 BWB Season,28136656,6/14/2021,1/1/1900 6:00:00 PM,1935784,Brookside Field,6844257,Kraken,6844259,Panthers,,,,,Panthers offense comes alive to back up Trevor's first win,,1,6,0,1,0,0,0,0,0,7,4,0,5,9,0,0,0,0,0,0,14,8,0,3,0,,1/1/1900 7:00:00 PM,12
308183,988942,2021 BWB Season,28136660,6/14/2021,1/1/1900 7:00:00 PM,1935784,Brookside Field,6844259,Panthers,6844257,Kraken,,,,,Vinny tosses first career no-hitter to lead Panthers,,1,7,4,0,0,0,0,0,0,11,9,0,0,0,0,0,0,0,0,0,0,0,0,3,0,,1/1/1900 7:30:00 PM,13
308183,988942,2021 BWB Season,28153077,6/21/2021,1/1/1900 12:30:00 PM,1970011,Brentwood Park,6844259,Panthers,6844258,Gladiators,,,,,Yuichiro hits grand-slam to back up Peter's no-hitter,,1,0,0,0,4,0,0,0,0,4,5,0,0,0,0,0,0,0,0,0,0,0,0,4,0,,1/1/1900 1:30:00 PM,14
308183,988942,2021 BWB Season,28153078,6/21/2021,1/1/1900 1:30:00 PM,1970011,Brentwood Park,6844258,Gladiators,6844259,Panthers,,,,,Gladiators come out swinging to take game 2,,1,6,0,0,0,0,0,0,0,6,3,0,2,1,0,0,0,0,0,0,3,2,0,3,0,,1/1/1900 2:30:00 PM,15
308183,988942,2021 BWB Season,28153081,6/21/2021,1/1/1900 2:30:00 PM,1970011,Brentwood Park,6844259,Panthers,6844258,Gladiators,,,,,Panther offense comes alive to take the series,,1,6,7,6,0,0,0,0,0,19,6,0,7,0,0,0,0,0,0,0,7,2,0,3,0,,1/1/1900 3:30:00 PM,16
308183,988942,2021 BWB Season,28160946,6/24/2021,1/1/1900 5:00:00 PM,1935784,Brookside Field,6844262,Special K's,6844261,The Process,,,,,Special K's uses patience to make the difference in win,,1,3,0,1,0,0,0,0,0,4,4,0,0,3,0,0,0,0,0,0,5,3,0,3,0,,1/1/1900 5:40:00 PM,17
308183,988942,2021 BWB Season,28160951,6/24/2021,1/1/1900 5:40:00 PM,1935784,Brookside Field,6844261,The Process,6844262,Special K's,,,,,Evan is near flawless in one-hit shutout,,1,6,7,0,0,0,0,0,0,13,10,0,0,0,0,0,0,0,0,0,0,1,0,3,0,,1/1/1900 6:05:00 PM,18
308183,988942,2021 BWB Season,28160952,6/24/2021,1/1/1900 6:05:00 PM,1935784,Brookside Field,6844262,Special K's,6844261,The Process,,,,,Special K's offense comes through big to secure series win,,1,4,1,5,0,0,0,0,0,10,7,0,0,0,0,0,0,0,0,0,11,2,0,3,0,,1/1/1900 6:40:00 PM,19
308183,988942,2021 BWB Season,28198597,7/12/2021,1/1/1900 4:15:00 PM,1935784,Brookside Field,6844257,Kraken,6844260,Dragons,,,,,Kraken hit 3 homers to back up Parker's one-hit shutout,,1,1,4,4,0,0,0,0,0,9,9,0,0,0,0,0,0,0,0,0,0,1,0,3,0,,1/1/1900 5:00:00 PM,20
308183,988942,2021 BWB Season,28198598,7/12/2021,1/1/1900 5:00:00 PM,1935784,Brookside Field,6844260,Dragons,6844257,Kraken,,,,,Victor is dominant in relief and James hits walk-off homer,,1,9,1,0,0,0,0,0,0,10,6,0,6,3,2,0,0,0,0,0,11,9,0,3,0,,1/1/1900 6:30:00 PM,21
308183,988942,2021 BWB Season,28198603,7/12/2021,1/1/1900 6:15:00 PM,1935784,Brookside Field,6844257,Kraken,6844260,Dragons,,,,,Kraken overcome Dragon power outburst for sweep,,1,6,0,3,0,0,0,0,0,9,3,0,5,2,0,0,0,0,0,0,7,8,0,3,0,,1/1/1900 7:00:00 PM,22
308183,988942,2021 BWB Season,28204553,7/16/2021,1/1/1900 5:00:00 PM,1935784,Brookside Field,6844258,Gladiators,6844261,The Process,,,,,AJ has big 6 RBI day to pave wave for a Gladiators win,,1,5,6,0,0,0,0,0,0,11,3,0,3,0,6,0,0,0,0,0,9,10,0,3,0,,1/1/1900 6:00:00 PM,23
308183,988942,2021 BWB Season,28204554,7/16/2021,1/1/1900 6:00:00 PM,1935784,Brookside Field,6844261,The Process,6844258,Gladiators,,,,,Evan has pinpoint control and hits three homers for win,,1,3,0,5,0,0,0,0,0,8,0,0,2,0,1,0,0,0,0,0,3,0,0,3,0,,1/1/1900 6:30:00 PM,24
308183,988942,2021 BWB Season,28216176,7/26/2021,1/1/1900 1:00:00 PM,1889824,TBA,6844257,Kraken,6844262,Special K's,,,,,,,1,,,,,,,,,3,0,0,,,,,,,,,0,0,0,,0,,1/1/1900 2:00:00 PM,25
308183,988942,2021 BWB Season,28216177,7/26/2021,1/1/1900 2:00:00 PM,1889824,TBA,6844262,Special K's,6844257,Kraken,,,,,,,1,,,,,,,,,0,0,0,,,,,,,,,3,0,0,,0,,1/1/1900 3:00:00 PM,26
308183,988942,2021 BWB Season,28216182,7/26/2021,1/1/1900 3:00:00 PM,1889824,TBA,6844257,Kraken,6844262,Special K's,,,,,,,1,,,,,,,,,3,0,0,,,,,,,,,0,0,0,,0,,1/1/1900 4:00:00 PM,27
308183,988942,2021 BWB Season,28216183,7/26/2021,1/1/1900 4:00:00 PM,1889824,TBA,6844262,Special K's,6844260,Dragons,,,,,,,1,,,,,,,,,0,0,0,,,,,,,,,3,0,0,,0,,1/1/1900 5:00:00 PM,28
308183,988942,2021 BWB Season,28216188,7/26/2021,1/1/1900 5:00:00 PM,1889824,TBA,6844260,Dragons,6844262,Special K's,,,,,,,1,,,,,,,,,3,0,0,,,,,,,,,0,0,0,,0,,1/1/1900 6:00:00 PM,29
308183,988942,2021 BWB Season,28216189,7/26/2021,1/1/1900 6:00:00 PM,1889824,TBA,6844262,Special K's,6844260,Dragons,,,,,,,1,,,,,,,,,0,0,0,,,,,,,,,3,0,0,,0,,1/1/1900 7:00:00 PM,30
308183,988942,2021 BWB Season,28216194,7/26/2021,1/1/1900 7:00:00 PM,1889824,TBA,6844258,Gladiators,6844262,Special K's,,,,,,,1,,,,,,,,,3,0,0,,,,,,,,,0,0,0,,0,,1/1/1900 8:00:00 PM,31
308183,988942,2021 BWB Season,28216195,7/26/2021,1/1/1900 8:00:00 PM,1889824,TBA,6844262,Special K's,6844258,Gladiators,,,,,,,1,,,,,,,,,0,0,0,,,,,,,,,3,0,0,,0,,1/1/1900 9:00:00 PM,32
308183,988942,2021 BWB Season,28216196,7/26/2021,1/1/1900 9:00:00 PM,1889824,TBA,6844258,Gladiators,6844262,Special K's,,,,,,,1,,,,,,,,,3,0,0,,,,,,,,,0,0,0,,0,,1/1/1900 10:00:00 PM,33
308183,988942,2021 BWB Season,28216201,7/27/2021,1/1/1900 9:00:00 AM,1889824,TBA,6844259,Panthers,6844262,Special K's,,,,,,,1,,,,,,,,,3,0,0,,,,,,,,,0,0,0,,0,,1/1/1900 10:00:00 AM,34
308183,988942,2021 BWB Season,28216202,7/27/2021,1/1/1900 10:00:00 AM,1889824,TBA,6844262,Special K's,6844259,Panthers,,,,,,,1,,,,,,,,,0,0,0,,,,,,,,,3,0,0,,0,,1/1/1900 11:00:00 AM,35
308183,988942,2021 BWB Season,28216203,7/27/2021,1/1/1900 11:00:00 AM,1889824,TBA,6844259,Panthers,6844262,Special K's,,,,,,,1,,,,,,,,,3,0,0,,,,,,,,,0,0,0,,0,,1/1/1900 12:00:00 PM,36
308183,988942,2021 BWB Season,28218934,7/28/2021,1/1/1900 2:00:00 PM,1935784,Brookside Field,6844261,The Process,6844259,Panthers,,,,,vinny hits grand slam as Panthers clinch Brookside division,,1,2,6,0,0,0,0,0,0,8,6,0,2,8,0,0,0,0,0,0,10,6,0,3,0,,1/1/1900 3:00:00 PM,37
308183,988942,2021 BWB Season,28218936,7/28/2021,1/1/1900 3:00:00 PM,1935784,Brookside Field,6844259,Panthers,6844261,The Process,,,,,Evan uses walks to complete 8-run comeback,,1,4,6,6,1,0,0,0,0,17,11,0,0,8,8,2,0,0,0,0,18,9,0,4,0,,1/1/1900 4:00:00 PM,38
308183,988942,2021 BWB Season,28218938,7/28/2021,1/1/1900 4:00:00 PM,1935784,Brookside Field,6844261,The Process,6844259,Panthers,,,,,,,1,1,1,1,0,0,0,0,0,3,0,0,0,0,0,0,0,0,0,0,0,0,0,3,0,,1/1/1900 4:30:00 PM,39
308183,988942,2021 BWB Season,28249259,8/15/2021,1/1/1900 12:00:00 PM,1889824,TBA,6844261,The Process,6844257,Kraken,,,,,,,1,0,0,0,0,0,0,0,0,0,6,0,1,2,0,0,0,0,0,0,3,7,0,3,0,,1/1/1900 1:00:00 PM,40
308183,988942,2021 BWB Season,28249260,8/15/2021,1/1/1900 1:00:00 PM,1889824,TBA,6844257,Kraken,6844261,The Process,,,,,,,1,0,0,0,0,0,0,0,0,0,6,0,2,1,0,0,0,0,0,0,3,8,0,3,0,,1/1/1900 2:00:00 PM,41
308183,988942,2021 BWB Season,28249261,8/15/2021,1/1/1900 2:00:00 PM,1889824,TBA,6844261,The Process,6844257,Kraken,,,,,,,1,0,0,0,0,0,0,0,0,0,6,0,2,1,0,0,0,0,0,0,3,6,0,3,0,,1/1/1900 3:00:00 PM,42
308183,988942,2021 BWB Season,28249280,8/16/2021,1/1/1900 12:00:00 PM,1889824,TBA,6844260,Dragons,6844261,The Process,,,,,,,1,0,0,0,0,0,0,0,0,0,6,0,2,1,0,0,0,0,0,0,3,8,0,3,0,,1/1/1900 1:00:00 PM,43
308183,988942,2021 BWB Season,28249281,8/16/2021,1/1/1900 1:00:00 PM,1889824,TBA,6844261,The Process,6844260,Dragons,,,,,,,1,0,0,0,0,0,0,0,0,3,6,0,2,1,0,0,0,0,0,0,6,6,0,3,0,,1/1/1900 2:00:00 PM,44
308183,988942,2021 BWB Season,28249282,8/16/2021,1/1/1900 2:00:00 PM,1889824,TBA,6844260,Dragons,6844261,The Process,,,,,,,1,0,0,0,0,0,0,0,0,0,6,0,2,1,0,0,0,0,0,0,6,8,0,3,0,,1/1/1900 3:00:00 PM,45
308183,1010193,2021 BWB Playoffs,28251403,8/17/2021,1/1/1900 12:30:00 PM,1970011,Brentwood Park,6925991,Gladiators,6925990,Panthers,,,,,Peter goes the distance and comes up clutch late to advance,,1,0,0,0,0,0,0,0,0,0,2,0,0,0,1,0,0,0,0,0,1,3,0,3,0,2021 Brookside Division Wildcard Game,1/1/1900 1:30:00 PM,1
308183,1010193,2021 BWB Playoffs,28251404,8/17/2021,1/1/1900 1:30:00 PM,1970011,Brentwood Park,6925992,The Process,6925993,Kraken,,,,,Parker pitches a gem on the mound and Kraken walk-off late,,1,0,0,0,0,0,0,0,0,0,2,0,0,0,1,0,0,0,0,0,1,1,0,3,0,2021 Brentwood Division Wildcard Game,1/1/1900 2:00:00 PM,2
308183,1010193,2021 BWB Playoffs,28251405,8/17/2021,1/1/1900 2:30:00 PM,1970011,Brentwood Park,6925993,Kraken,6925990,Panthers,,,,,Panthers offense comes alive to back up Vinny's no-hitter,,1,0,3,0,0,0,0,0,0,3,0,0,6,2,0,0,0,0,0,0,8,3,0,3,0,2021 BWB Championship Game 1,1/1/1900 3:30:00 PM,3
308183,1010193,2021 BWB Playoffs,28251406,8/17/2021,1/1/1900 4:30:00 PM,1970011,Brentwood Park,6925990,Panthers,6925993,Kraken,,,,,Panthers outlast Kraken to win 2021 Championship,,1,2,0,2,0,0,0,1,0,5,6,0,3,1,0,0,0,0,0,0,4,10,0,7,0,2021 BWB Championship Game 1,1/1/1900 6:30:00 PM,4
308183,1019925,2022 BWB Spring Training,28893215,4/30/2022,1/1/1900 12:30:00 PM,2185950,Shock Grounds,7024877,Panthers,7024878,Shock,,,,,Panthers take care of business in close affair,,1,0,5,8,0,0,0,0,0,13,6,0,3,4,2,0,0,0,0,0,9,1,0,3,0,,1/1/1900 1:10:00 PM,1
308183,1019925,2022 BWB Spring Training,28893217,4/30/2022,1/1/1900 1:20:00 PM,2185950,Shock Grounds,7024878,Shock,7024877,Panthers,,,,,Shock get dismantled in No Hitter,,1,0,0,0,0,0,0,0,0,0,0,0,1,0,0,0,0,0,0,0,1,5,0,3,0,,1/1/1900 2:05:00 PM,2
308183,1019925,2022 BWB Spring Training,28894536,4/30/2022,1/1/1900 2:10:00 PM,2185950,Shock Grounds,7024877,Panthers,7024878,Shock,,,,,Panthers sweep Shock in first Spring Training series,,1,5,0,0,0,0,0,0,0,5,4,0,0,0,0,0,0,0,0,0,0,0,0,1,0,,1/1/1900 2:30:00 PM,3
308183,1021150,2022 BWB Season,29014928,5/30/2022,1/1/1900 3:00:00 PM,1970011,Brentwood Park,7039668,Shock,7039669,Dragons,,,,,Dragons hit four homers to seal Opening Day victory,,1,3,0,3,0,0,0,0,0,6,4,0,3,6,0,0,0,0,0,0,9,8,0,3,0,,1/1/1900 3:40:00 PM,1
308183,1021150,2022 BWB Season,29014929,5/30/2022,1/1/1900 3:40:00 PM,1970011,Brentwood Park,7039669,Dragons,7039668,Shock,,,,,Michael hits go-ahead grand slam leading to Dragons win,,1,1,6,0,0,0,0,0,0,7,7,0,5,0,0,0,0,0,0,0,5,5,0,3,0,,1/1/1900 4:20:00 PM,2
308183,1021150,2022 BWB Season,29014930,5/30/2022,1/1/1900 4:20:00 PM,1970011,Brentwood Park,7039668,Shock,7039669,Dragons,,,,,Shock offense comes alive to salvage third game,,1,1,4,8,0,0,0,0,0,13,11,2,0,0,4,0,0,0,0,0,4,4,1,3,0,,1/1/1900 5:00:00 PM,3
308183,1021150,2022 BWB Season,29029902,6/5/2022,1/1/1900 11:30:00 AM,1970011,Brentwood Park,7041309,Gladiators,7041317,Bananas,,,,,Brandon is dominate for first career no-hitter,,1,6,0,0,0,0,0,0,0,6,0,0,0,0,0,0,0,0,0,0,0,0,0,3,0,,1/1/1900 12:30:00 PM,4
308183,1021150,2022 BWB Season,29029905,6/5/2022,1/1/1900 12:30:00 PM,1970011,Brentwood Park,7041317,Bananas,7041309,Gladiators,,,,,Brandon hits go-ahead grand slam to seal first Banana win,,1,5,6,2,0,0,0,0,0,13,5,0,7,0,2,0,0,0,0,0,9,3,0,3,0,,1/1/1900 1:30:00 PM,5
308183,1021150,2022 BWB Season,29029907,6/5/2022,1/1/1900 1:30:00 PM,1970011,Brentwood Park,7041309,Gladiators,7041317,Bananas,,,,,Tommy has 5 RBI to support AJ's quality start for series win,,1,5,3,0,0,0,0,0,0,8,3,0,0,2,3,0,0,0,0,0,5,5,0,3,0,,1/1/1900 2:30:00 PM,6
308183,1021150,2022 BWB Season,29038592,6/8/2022,1/1/1900 5:45:00 PM,1970011,Brentwood Park,7041314,Kraken,7041090,Panthers,,,,,Alex and Parker use long ball to take series,,1,0,3,2,0,0,0,0,0,5,6,0,0,0,0,0,0,0,0,0,0,2,0,3,0,,1/1/1900 6:30:00 PM,9
308183,1021150,2022 BWB Season,29038596,6/8/2022,1/1/1900 5:00:00 PM,1970011,Brentwood Park,7041090,Panthers,7041314,Kraken,,,,,Kraken use patience to overcome Vinny's pitching for win,,1,0,0,0,0,0,0,0,0,0,1,1,0,0,1,0,0,0,0,0,1,0,0,3,0,,1/1/1900 5:45:00 PM,8
308183,1021150,2022 BWB Season,29038597,6/8/2022,1/1/1900 3:30:00 PM,1970011,Brentwood Park,7041314,Kraken,7041090,Panthers,,,,,Peter doesn't allow a hit in 6 inning marathon victory,,1,0,1,1,0,0,0,0,0,2,0,0,2,0,0,0,0,1,0,0,3,5,2,6,0,,1/1/1900 5:00:00 PM,7
308183,1021150,2022 BWB Season,29053871,6/17/2022,1/1/1900 5:00:00 PM,1935784,Brookside Field,7041314,Kraken,7039668,Shock,,,,,Victor hits walk-off to secure Nick's shutout,,1,0,0,0,0,0,0,0,0,0,2,0,0,0,2,0,0,0,0,0,2,3,0,3,0,,1/1/1900 5:30:00 PM,10
308183,1021150,2022 BWB Season,29053872,6/17/2022,1/1/1900 5:30:00 PM,1935784,Brookside Field,7039668,Shock,7041314,Kraken,,,,,Parker hits walk-off homer and throws one-hit shutout to win,,1,0,0,0,0,0,0,0,0,0,1,0,0,0,2,0,0,0,0,0,2,2,0,3,0,,1/1/1900 6:00:00 PM,11
308183,1021150,2022 BWB Season,29053873,6/17/2022,1/1/1900 6:00:00 PM,1935784,Brookside Field,7041314,Kraken,7039668,Shock,,,,,Kraken hit 7 homers and hold on for series sweep,,1,3,6,4,0,0,0,0,0,13,7,0,7,2,1,0,0,0,0,0,10,4,0,3,0,,1/1/1900 6:30:00 PM,12
308183,1021150,2022 BWB Season,29053875,6/17/2022,1/1/1900 6:30:00 PM,1935784,Brookside Field,7041090,Panthers,7039669,Dragons,,,,,Peter and Vinny homer in big victory,,1,2,3,5,0,0,0,0,0,10,6,0,2,0,0,0,0,0,0,0,2,3,0,3,0,,1/1/1900 7:15:00 PM,13
308183,1021150,2022 BWB Season,29053876,6/17/2022,1/1/1900 7:15:00 PM,1935784,Brookside Field,7039669,Dragons,7041090,Panthers,,,,,Panthers hit 4 homers and hold on for win,,1,4,4,5,0,0,0,0,0,13,4,1,7,7,0,0,0,0,0,0,14,4,0,3,0,,1/1/1900 8:00:00 PM,14
308183,1021150,2022 BWB Season,29053877,6/17/2022,1/1/1900 8:00:00 PM,1935784,Brookside Field,7041090,Panthers,7039669,Dragons,,,,,Peter hits three homers and has 10 RBI in to secure sweep,,1,5,2,10,0,0,0,0,0,17,8,2,6,6,0,0,0,0,0,0,12,9,0,3,0,,1/1/1900 8:30:00 PM,15
308183,1021150,2022 BWB Season,29062978,6/24/2022,1/1/1900 4:15:00 PM,2188588,Downtown Metro,7039668,Shock,7041317,Bananas,,,,,Shock outlast Bananas in longest game in history,,1,1,0,0,0,0,0,0,2,3,2,0,1,0,0,0,0,0,0,0,1,2,0,8,0,,1/1/1900 6:00:00 PM,16
308183,1021150,2022 BWB Season,29062981,6/24/2022,1/1/1900 6:00:00 PM,2188588,Downtown Metro,7041317,Bananas,7039668,Shock,,,,,Dom drives in 6 to back up Victor's one-hit gem,,1,0,2,0,0,0,0,0,0,2,1,0,3,3,0,0,0,0,0,0,6,5,0,3,0,,1/1/1900 6:45:00 PM,17
308183,1021150,2022 BWB Season,29062993,6/24/2022,1/1/1900 6:45:00 PM,2188588,Downtown Metro,7039668,Shock,7041317,Bananas,,,,,Shock come up with clutch at-bats to sweep series,,1,0,3,0,2,0,0,0,0,5,4,0,3,0,0,0,0,0,0,0,3,3,0,4,0,,1/1/1900 7:30:00 PM,18
308183,1021150,2022 BWB Season,29064091,6/26/2022,1/1/1900 1:00:00 PM,1970011,Brentwood Park,7041090,Panthers,7041309,Gladiators,,,,,Austin hits walk-off as Gladiators outlast Panthers,,1,1,0,0,0,0,0,0,0,1,2,0,0,0,1,0,1,0,0,0,2,7,0,5,0,,1/1/1900 2:00:00 PM,21
308183,1021150,2022 BWB Season,29064093,6/26/2022,1/1/1900 12:00:00 PM,1970011,Brentwood Park,7041309,Gladiators,7041090,Panthers,,,,,Panthers stall off late Gladiators comeback for win,,1,0,0,5,0,0,0,0,0,5,4,0,0,6,0,0,0,0,0,0,6,3,0,3,0,,1/1/1900 1:00:00 PM,20
308183,1021150,2022 BWB Season,29064094,6/26/2022,1/1/1900 11:15:00 AM,1970011,Brentwood Park,7041090,Panthers,7041309,Gladiators,,,,,Tommy hits inside the park homer to back up Brandon's gem,,1,1,0,0,0,0,0,0,0,1,1,1,2,0,0,0,0,0,0,0,2,2,0,3,0,,1/1/1900 12:00:00 PM,19
308183,1021150,2022 BWB Season,29069703,7/1/2022,1/1/1900 2:00:00 PM,1970011,Brentwood Park,7041317,Bananas,7041314,Kraken,,,,,Kraken strike early to make the difference in win,,1,0,0,0,0,0,0,0,0,0,1,0,5,0,0,0,0,0,0,0,5,1,0,3,0,,1/1/1900 2:45:00 PM,22
308183,1021150,2022 BWB Season,29069704,7/1/2022,1/1/1900 2:45:00 PM,1970011,Brentwood Park,7041314,Kraken,7041317,Bananas,,,,,Alex throws first career no-hitter behind dominate offense,,1,4,0,6,0,0,0,0,0,10,5,1,0,0,0,0,0,0,0,0,0,0,0,3,0,,1/1/1900 3:30:00 PM,23
308183,1021150,2022 BWB Season,29069705,7/1/2022,1/1/1900 3:30:00 PM,1970011,Brentwood Park,7041317,Bananas,7041314,Kraken,,,,,Kraken walk-off walk to complete sweep,,1,0,0,3,0,0,0,0,0,3,5,1,2,1,1,0,0,0,0,0,4,4,0,3,0,,1/1/1900 4:15:00 PM,24
308183,1021150,2022 BWB Season,29075555,7/6/2022,1/1/1900 5:30:00 PM,1970011,Brentwood Park,7041314,Kraken,7039669,Dragons,,,,,Kraken stave off late comeback from Dragons for win,,1,2,4,0,0,0,0,0,0,6,5,1,3,0,2,0,0,0,0,0,5,4,1,3,0,,1/1/1900 6:00:00 PM,25
308183,1021150,2022 BWB Season,29075556,7/6/2022,1/1/1900 6:00:00 PM,1970011,Brentwood Park,7039669,Dragons,7041314,Kraken,,,,,Michael pitches one-hitter behind solid Dragons offense,,1,6,0,1,0,0,0,0,0,7,7,0,1,0,0,0,0,0,0,0,1,1,0,3,0,,1/1/1900 6:30:00 PM,26
308183,1021150,2022 BWB Season,29075557,7/6/2022,1/1/1900 6:30:00 PM,1970011,Brentwood Park,7041314,Kraken,7039669,Dragons,,,,,Kyle hits 3 homers to lead Kraken offense,,1,0,4,1,0,0,0,0,0,5,5,0,0,0,0,0,0,0,0,0,0,3,0,3,0,,1/1/1900 7:00:00 PM,27
308183,1021150,2022 BWB Season,29087237,7/14/2022,1/1/1900 5:00:00 PM,1970011,Brentwood Park,7041317,Bananas,7041090,Panthers,,,,,Panthers use walks to overcome Bananas,,1,0,4,0,0,0,0,0,0,4,2,0,6,0,0,0,0,0,0,0,6,0,0,3,0,,1/1/1900 6:00:00 PM,28
308183,1021150,2022 BWB Season,29087238,7/14/2022,1/1/1900 6:00:00 PM,1970011,Brentwood Park,7041090,Panthers,7041317,Bananas,,,,,Vinny doesn't allow a hit to lead Panthers to playoff berth,,1,2,6,3,0,0,0,0,0,11,2,0,0,0,3,0,0,0,0,0,3,0,0,3,0,,1/1/1900 7:00:00 PM,29
308183,1021150,2022 BWB Season,29087241,7/14/2022,1/1/1900 7:00:00 PM,1970011,Brentwood Park,7041317,Bananas,7041090,Panthers,,,,,Anthony throws complete game and homers with Zach to win,,1,0,4,2,0,0,0,0,0,6,4,0,0,0,0,0,0,0,0,0,0,1,0,3,0,,1/1/1900 8:00:00 PM,30
308183,1021150,2022 BWB Season,29088383,7/16/2022,1/1/1900 12:15:00 PM,1970011,Brentwood Park,7041309,Gladiators,7039668,Shock,,,,,Victor hits leadoff homer and Nick goes the distance in win,,1,0,0,0,0,0,0,0,0,0,2,0,1,0,0,0,0,0,0,0,1,1,0,3,0,,1/1/1900 1:00:00 PM,31
308183,1021150,2022 BWB Season,29088384,7/16/2022,1/1/1900 1:00:00 PM,1970011,Brentwood Park,7039668,Shock,7041309,Gladiators,,,,,Austin hits big go-ahead homer to seal victory,,1,0,3,0,0,0,0,0,0,3,2,0,4,0,0,0,0,0,0,0,4,2,0,3,0,,1/1/1900 1:30:00 PM,32
308183,1021150,2022 BWB Season,29088385,7/16/2022,1/1/1900 1:30:00 PM,1970011,Brentwood Park,7041309,Gladiators,7039668,Shock,,,,,,,1,0,0,0,0,0,0,0,0,0,4,0,0,0,1,0,0,0,0,0,1,3,0,3,0,,1/1/1900 2:00:00 PM,33
308183,1021150,2022 BWB Season,29091463,7/19/2022,1/1/1900 6:00:00 PM,2188588,Downtown Metro,7039669,Dragons,7041309,Gladiators,,,,,Brandon throws one-hit shutout to seal close win,,1,0,0,0,0,0,0,0,0,0,1,0,1,0,0,0,0,0,0,0,1,3,0,3,0,,1/1/1900 6:30:00 PM,34
308183,1021150,2022 BWB Season,29091464,7/19/2022,1/1/1900 6:30:00 PM,2188588,Downtown Metro,7041309,Gladiators,7039669,Dragons,,,,,Brandon hits go-ahead grand slam and saves game to clinch,,1,0,6,0,0,0,0,0,0,6,3,0,3,0,2,0,0,0,0,0,5,7,0,3,0,,1/1/1900 7:00:00 PM,35
308183,1021150,2022 BWB Season,29091465,7/19/2022,1/1/1900 7:00:00 PM,2188588,Downtown Metro,7039669,Dragons,7041309,Gladiators,,,,,David's huge hits and Michael's pitching gem lead to win,,1,4,0,2,0,0,0,0,0,6,6,1,1,0,0,0,0,0,0,0,1,6,0,3,0,,1/1/1900 7:30:00 PM,36
308183,1021150,2022 BWB Season,29093624,7/22/2022,1/1/1900 5:30:00 PM,2188588,Downtown Metro,7041090,Panthers,7039668,Shock,,,,,Nick throws second ever perfect game in stunning performance,,1,0,0,0,0,0,0,0,0,0,0,0,0,1,0,0,0,0,0,0,1,0,0,3,0,,1/1/1900 6:15:00 PM,37
308183,1021150,2022 BWB Season,29093628,7/22/2022,1/1/1900 6:15:00 PM,2188588,Downtown Metro,7039668,Shock,7041090,Panthers,,,,,Big homers from Vinny and Jake support Vinny's start for win,,1,0,2,1,0,0,0,0,0,3,2,0,4,7,0,0,0,0,0,0,11,5,1,3,0,,1/1/1900 7:00:00 PM,38
308183,1021150,2022 BWB Season,29093629,7/22/2022,1/1/1900 7:00:00 PM,2188588,Downtown Metro,7041090,Panthers,7039668,Shock,,,,,Anthony hits grand slam that puts the Shock up for good,,1,3,2,5,0,0,0,0,0,10,8,0,8,3,0,0,0,0,0,0,11,3,2,3,0,,1/1/1900 7:45:00 PM,39
308183,1021150,2022 BWB Season,29102741,7/29/2022,1/1/1900 5:15:00 PM,2188588,Downtown Metro,7039669,Dragons,7041317,Bananas,,,,,Zach throws one-hit shut out and homers with Dean for win,,1,0,0,0,0,0,0,0,0,0,1,0,1,3,0,0,0,0,0,0,4,7,0,3,0,,1/1/1900 6:00:00 PM,40
308183,1021150,2022 BWB Season,29102742,7/29/2022,1/1/1900 6:00:00 PM,2188588,Downtown Metro,7041317,Bananas,7039669,Dragons,,,,,Bananas offense and Zach's pitching shine in victory,,1,0,5,0,0,0,0,0,0,5,4,1,0,0,0,0,0,0,0,0,0,4,0,3,0,,1/1/1900 6:30:00 PM,41
308183,1021150,2022 BWB Season,29102743,7/29/2022,1/1/1900 6:30:00 PM,2188588,Downtown Metro,7039669,Dragons,7041317,Bananas,,,,,Dragons offense comes alive to salvage series,,1,3,0,5,0,0,0,0,0,8,7,0,0,0,0,0,0,0,0,0,0,3,0,3,0,,1/1/1900 7:15:00 PM,42
308183,1021150,2022 BWB Season,29103716,7/31/2022,1/1/1900 1:30:00 PM,1970011,Brentwood Park,7041309,Gladiators,7041314,Kraken,,,,,Kraken win in walk-off thriller to win Brentwood Division,,1,0,0,0,0,0,0,0,0,0,5,0,0,0,1,0,0,0,0,0,1,2,0,3,0,,1/1/1900 2:00:00 PM,43
308183,1021150,2022 BWB Season,29103718,7/31/2022,1/1/1900 2:00:00 PM,1970011,Brentwood Park,7041314,Kraken,7041309,Gladiators,,,,,Gladiators big second inning propels them to victory,,1,1,2,1,0,0,0,0,0,4,7,0,2,7,0,0,0,0,0,0,9,6,0,3,0,,1/1/1900 2:30:00 PM,44
308183,1021150,2022 BWB Season,29103719,7/31/2022,1/1/1900 2:30:00 PM,1970011,Brentwood Park,7041309,Gladiators,7041314,Kraken,,,,,Gladiators come up clutch in third to win the series,,1,0,2,4,0,0,0,0,0,6,7,0,1,1,1,0,0,0,0,0,3,6,0,3,0,,1/1/1900 3:00:00 PM,45
308183,1022832,2022 BWB Playoffs,29109283,8/3/2022,1/1/1900 4:30:00 PM,1970011,Brentwood Park,7055041,Gladiators,7055040,Kraken,,,,,Tommy hits two homers to lead Gladiators to win Wild Card,,1,1,1,5,0,0,0,0,0,7,5,0,0,0,0,0,0,0,0,0,0,1,1,3,0,,1/1/1900 5:00:00 PM,1
308183,1022832,2022 BWB Playoffs,29109284,8/4/2022,1/1/1900 4:30:00 PM,1970011,Brentwood Park,7055042,Panthers,7055043,Shock,,,,,Shock stun Panthers in the 4th to advance to Championship,,1,0,0,0,2,0,0,0,0,2,2,2,0,0,0,3,0,0,0,0,3,3,0,4,0,,1/1/1900 5:30:00 PM,2
308183,1022621,2022 All-Star Game,29109505,7/3/2022,1/1/1900 6:30:00 PM,1970011,Brentwood Park,7053158,Brentwood Division,7053157,Brookside Division,,,,,Chris hits two homers in extras to lead Brentwood to victory,,1,0,2,4,0,0,9,0,0,15,7,0,0,3,1,0,2,1,0,0,7,12,0,6,0,,1/1/1900 8:00:00 PM,1
308183,1022832,2022 BWB Playoffs,29120409,8/13/2022,1/1/1900 5:30:00 PM,1970011,Brentwood Park,7055041,Gladiators,7055043,Shock,,,,,Tommy and Brandon each go deep twice to dominate game one,,1,6,1,6,0,0,0,0,0,13,10,0,0,2,0,0,0,0,0,0,2,5,1,3,0,,1/1/1900 6:30:00 PM,3
308183,1022832,2022 BWB Playoffs,29120412,8/13/2022,1/1/1900 6:30:00 PM,1970011,Brentwood Park,7055043,Shock,7055041,Gladiators,,,,,Brandon comes up clutch to lead Gladiators to Championship!,,1,0,3,0,0,0,0,0,0,3,4,0,0,4,0,0,0,0,0,0,4,5,0,3,0,,1/1/1900 7:30:00 PM,4
308183,1035684,2023 BWB Spring Training,29798513,5/15/2023,1/1/1900 4:00:00 PM,1935784,Brookside Field,7157311,Panthers,7157312,Shraken,,,,,Shocked Kraken walk-off to seal comeback victory,,1,4,2,6,0,0,0,0,0,12,7,0,4,1,9,0,0,0,0,0,14,4,0,3,0,,1/1/1900 5:00:00 PM,1
308183,1035682,2023 BWB Season,29807722,5/18/2023,1/1/1900 5:00:00 PM,2188588,Downtown Metro,7157266,Gladiators,7157269,Shock,,,,,Dan's first inning homer and Brandon's shutout secure win,,1,3,0,0,0,0,0,0,0,3,3,0,0,0,0,0,0,0,0,0,0,3,0,3,0,,1/1/1900 5:30:00 PM,1
308183,1035682,2023 BWB Season,29807723,5/18/2023,1/1/1900 5:30:00 PM,2188588,Downtown Metro,7157269,Shock,7157266,Gladiators,,,,,Victor outduels AJ and hits homer for first Shock victory,,1,0,1,1,0,0,0,0,0,2,6,0,0,0,0,0,0,0,0,0,0,2,0,3,0,,1/1/1900 6:00:00 PM,2
308183,1035682,2023 BWB Season,29807724,5/18/2023,1/1/1900 6:00:00 PM,2188588,Downtown Metro,7157266,Gladiators,7157269,Shock,,,,,Gladiators explode for 17 runs to win Opening series,,1,6,2,9,0,0,0,0,0,17,11,0,1,0,2,0,0,0,0,0,3,3,0,3,0,,1/1/1900 6:30:00 PM,3
308183,1035682,2023 BWB Season,29819633,5/23/2023,1/1/1900 5:00:00 PM,2200257,Oakland Beach Park,7157264,Panthers,7157279,Bananas,,,,,Peter throws one-hit gem as Panthers get first win,,1,1,3,0,0,0,0,0,0,4,1,0,1,1,0,0,0,0,0,0,2,0,0,3,0,,1/1/1900 6:00:00 PM,4
308183,1035682,2023 BWB Season,29819658,5/23/2023,1/1/1900 6:00:00 PM,2188588,Downtown Metro,7157279,Bananas,7157264,Panthers,,,,,Bananas use patience to put runs up early to seal first win,,1,2,0,0,0,0,0,0,0,2,1,0,0,0,0,0,0,0,0,0,0,2,0,3,0,,1/1/1900 7:00:00 PM,5
308183,1035682,2023 BWB Season,29819660,5/23/2023,1/1/1900 7:00:00 PM,2188588,Downtown Metro,7157264,Panthers,7157279,Bananas,,,,,Duffy hits clutch walk-off home run to break scoreless tie,,1,0,0,0,0,0,0,0,0,0,1,0,0,0,2,0,0,0,0,0,2,2,0,3,0,,1/1/1900 8:00:00 PM,6
308183,1035682,2023 BWB Season,29827875,5/27/2023,1/1/1900 5:00:00 PM,2188588,Downtown Metro,7157262,Kraken,7157278,Dragons,,,,,Evan hits grand-slam in Kraken debut to lead to win,,1,0,4,1,0,0,0,0,0,5,3,0,0,0,0,0,0,0,0,0,0,2,0,3,0,,1/1/1900 5:30:00 PM,7
308183,1035682,2023 BWB Season,29827876,5/27/2023,1/1/1900 5:30:00 PM,2188588,Downtown Metro,7157278,Dragons,7157262,Kraken,,,,,Dragons offense explodes for 14 runs to seal win,,1,6,2,6,0,0,0,0,0,14,8,1,1,0,3,0,0,0,0,0,4,6,1,3,0,,1/1/1900 6:00:00 PM,8
308183,1035682,2023 BWB Season,29827877,5/27/2023,1/1/1900 6:00:00 PM,2188588,Downtown Metro,7157262,Kraken,7157278,Dragons,,,,,David hits walk-off homer to seal Dragons series win,,1,0,4,0,0,0,0,0,0,4,6,0,3,1,3,0,0,0,0,0,7,4,1,3,0,,1/1/1900 6:30:00 PM,9
308183,1035682,2023 BWB Season,29836985,6/1/2023,1/1/1900 6:00:00 PM,2188588,Downtown Metro,7157266,Gladiators,7157279,Bananas,,,,,Gladiators use walks and timely hits to earn win,,1,2,6,0,0,0,0,0,0,8,3,0,1,0,0,0,0,0,0,0,1,4,0,3,0,,1/1/1900 6:45:00 PM,10
308183,1035682,2023 BWB Season,29836988,6/1/2023,1/1/1900 6:45:00 PM,2188588,Downtown Metro,7157279,Bananas,7157266,Gladiators,,,,,Justin throws no-hitter and gets help from offense in win,,1,2,6,4,0,0,0,0,0,12,6,1,0,0,0,0,0,0,0,0,0,0,0,3,0,,1/1/1900 7:30:00 PM,11
308183,1035682,2023 BWB Season,29836989,6/1/2023,1/1/1900 7:30:00 PM,2188588,Downtown Metro,7157266,Gladiators,7157279,Bananas,,,,,Dan hits big homer and Brandon shines on the mound for win,,1,0,2,0,0,0,0,0,0,2,2,1,0,1,0,0,0,0,0,0,1,1,0,3,0,,1/1/1900 8:00:00 PM,12
308183,1035682,2023 BWB Season,29839840,6/3/2023,1/1/1900 5:30:00 PM,1970011,Brentwood Park,7157278,Dragons,7157264,Panthers,,,,,Panthers explode for 7-run inning to seal win,,1,0,2,3,0,0,0,0,0,5,4,0,0,7,0,0,0,0,0,0,7,4,1,3,0,,1/1/1900 6:00:00 PM,13
308183,1035682,2023 BWB Season,29839841,6/3/2023,1/1/1900 6:00:00 PM,1970011,Brentwood Park,7157264,Panthers,7157278,Dragons,,,,,Panthers use big 2nd inning and hold off Dragons comeback,,1,3,6,0,0,0,0,0,0,9,8,1,6,0,1,0,0,0,0,0,7,1,0,3,0,,1/1/1900 6:30:00 PM,14
308183,1035682,2023 BWB Season,29839842,6/3/2023,1/1/1900 6:30:00 PM,1970011,Brentwood Park,7157278,Dragons,7157264,Panthers,,,,,Dragons use longball and quality start by David to win,,1,4,0,7,0,0,0,0,0,11,8,0,3,0,0,0,0,0,0,0,3,5,0,3,0,,1/1/1900 7:00:00 PM,15
308183,1035682,2023 BWB Season,29858687,6/10/2023,1/1/1900 5:30:00 PM,1970011,Brentwood Park,7157269,Shock,7157262,Kraken,,,,,Shock come up big in the 3rd for late victory,,1,0,0,5,0,0,0,0,0,5,9,0,0,0,1,0,0,0,0,0,1,3,0,3,0,,1/1/1900 6:00:00 PM,16
308183,1035682,2023 BWB Season,29858688,6/10/2023,1/1/1900 6:00:00 PM,1970011,Brentwood Park,7157262,Kraken,7157269,Shock,,,,,Kraken dominate offensively for game 2 win,,1,5,0,6,0,0,0,0,0,11,7,0,2,0,1,0,0,0,0,0,3,6,0,3,0,,1/1/1900 6:30:00 PM,17
308183,1035682,2023 BWB Season,29858689,6/10/2023,1/1/1900 6:30:00 PM,1970011,Brentwood Park,7157269,Shock,7157262,Kraken,,,,,Kraken come out on top of back and forth affair for win,,1,4,0,2,0,0,0,0,0,6,2,1,5,0,2,0,0,0,0,0,7,7,0,3,0,,1/1/1900 7:00:00 PM,18
308183,1035682,2023 BWB Season,29867131,6/15/2023,1/1/1900 6:30:00 PM,2188588,Downtown Metro,7157266,Gladiators,7157278,Dragons,,,,,Gladiators offense hits ground running for win,,1,7,2,2,0,0,0,0,0,11,9,0,2,2,1,0,0,0,0,0,5,7,0,3,0,,1/1/1900 7:10:00 PM,19
308183,1035682,2023 BWB Season,29867132,6/15/2023,1/1/1900 7:10:00 PM,2188588,Downtown Metro,7157278,Dragons,7157266,Gladiators,,,,,Dragons storm back late and hold off Gladiators for win,,1,1,8,8,0,0,0,0,0,17,11,0,7,6,3,0,0,0,0,0,16,8,1,3,0,,1/1/1900 8:00:00 PM,20
308183,1035682,2023 BWB Season,29867133,6/15/2023,1/1/1900 8:00:00 PM,2188588,Downtown Metro,7157266,Gladiators,7157278,Dragons,,,,,Gladiators hold off late comeback for series win,,1,1,4,1,0,0,0,0,0,6,6,0,0,0,5,0,0,0,0,0,5,5,2,3,0,,1/1/1900 8:30:00 PM,21
308183,1035682,2023 BWB Season,29871854,6/19/2023,1/1/1900 5:00:00 PM,1970011,Brentwood Park,7157262,Kraken,7157279,Bananas,,,,,Parker tosses no-hitter in route to Kraken victory,,1,0,2,0,0,0,0,0,0,2,3,0,0,0,0,0,0,0,0,0,0,0,0,3,0,,1/1/1900 5:30:00 PM,22
308183,1035682,2023 BWB Season,29871855,6/19/2023,1/1/1900 5:30:00 PM,1970011,Brentwood Park,7157279,Bananas,7157262,Kraken,,,,,Kraken rally back late to steal game two win,,1,1,2,1,0,0,0,0,0,4,4,0,0,0,5,0,0,0,0,0,5,1,0,3,0,,1/1/1900 6:00:00 PM,22
308183,1035682,2023 BWB Season,29871856,6/19/2023,1/1/1900 6:00:00 PM,1970011,Brentwood Park,7157262,Kraken,7157279,Bananas,,,,,Kraken bats come alive for series sweep,,1,6,3,0,0,0,0,0,0,9,7,0,0,0,1,0,0,0,0,0,1,2,1,3,0,,1/1/1900 6:30:00 PM,24
308183,1035682,2023 BWB Season,29879721,6/26/2023,1/1/1900 4:30:00 PM,2188588,Downtown Metro,7157269,Shock,7157264,Panthers,,,,,Panthers use big second inning to propel to victory,,1,0,1,1,0,0,0,0,0,2,7,0,0,7,0,0,0,0,0,0,7,5,0,3,0,,1/1/1900 5:00:00 PM,25
308183,1035682,2023 BWB Season,29879722,6/26/2023,1/1/1900 5:00:00 PM,2188588,Downtown Metro,7157264,Panthers,7157269,Shock,,,,,Panthers clutch up in extras for late victory,,1,1,0,0,6,0,0,0,0,7,5,1,0,1,0,1,0,0,0,0,2,0,0,4,0,,1/1/1900 6:00:00 PM,26
308183,1035682,2023 BWB Season,29879723,6/26/2023,1/1/1900 6:00:00 PM,2188588,Downtown Metro,7157269,Shock,7157264,Panthers,,,,,Panther offense shines behind Peter's no-hitter,,1,0,0,0,0,0,0,0,0,0,0,0,9,0,0,0,0,0,0,0,9,2,1,3,0,,1/1/1900 6:30:00 PM,27
308183,1037732,2023 All-Star Game,29885075,6/30/2023,1/1/1900 6:30:00 PM,2188588,Downtown Metro,7170482,Brookside Division,7170483,Brentwood Division,,,,,Brentwood uses 3 homers to power to victory,,1,0,0,3,2,0,0,0,0,5,6,1,4,0,0,3,0,0,0,0,7,5,1,5,0,,1/1/1900 8:00:00 PM,1
308183,1035682,2023 BWB Season,29888205,7/5/2023,1/1/1900 6:00:00 PM,1970011,Brentwood Park,7157279,Bananas,7157278,Dragons,,,,,Brandon and Duffy's late heroics seal game one win,,1,2,0,5,0,0,0,0,0,7,6,0,0,2,0,0,0,0,0,0,2,3,1,3,0,,1/1/1900 6:30:00 PM,28
308183,1035682,2023 BWB Season,29888206,7/5/2023,1/1/1900 6:30:00 PM,1970011,Brentwood Park,7157278,Dragons,7157279,Bananas,,,,,Bananas battle back late and Duffy hits huge walk off slam,,1,5,0,0,0,0,0,0,0,5,3,0,0,4,5,0,0,0,0,0,9,7,0,3,0,,1/1/1900 7:00:00 PM,29
308183,1035682,2023 BWB Season,29888207,7/5/2023,1/1/1900 7:00:00 PM,1970011,Brentwood Park,7157279,Bananas,7157278,Dragons,,,,,Bananas hold off late Dragon comeback for series sweep,,1,6,0,0,0,0,0,0,0,6,6,1,2,0,2,0,0,0,0,0,4,5,0,3,0,,1/1/1900 7:30:00 PM,30
308183,1035682,2023 BWB Season,29892213,7/10/2023,1/1/1900 6:00:00 PM,2188588,Downtown Metro,7157278,Dragons,7157269,Shock,,,,,Dragons offense explodes for 16 runs in win,,1,6,2,8,0,0,0,0,0,16,10,1,3,1,2,0,0,0,0,0,6,7,0,3,0,,1/1/1900 6:30:00 PM,31
308183,1035682,2023 BWB Season,29892214,7/10/2023,1/1/1900 6:30:00 PM,2188588,Downtown Metro,7157269,Shock,7157278,Dragons,,,,,Dragons come back late and walk-off,,1,0,3,3,0,0,0,0,0,6,5,1,3,1,3,0,0,0,0,0,7,7,1,3,0,,1/1/1900 7:00:00 PM,32
308183,1035682,2023 BWB Season,29892215,7/10/2023,1/1/1900 7:00:00 PM,2188588,Downtown Metro,7157278,Dragons,7157269,Shock,,,,,Victor hits walk-off home run to keep Shock season alive,,1,2,1,6,0,0,0,0,0,9,9,0,3,5,2,0,0,0,0,0,10,10,1,3,0,,1/1/1900 7:30:00 PM,33
308183,1035682,2023 BWB Season,29896593,7/15/2023,1/1/1900 6:00:00 PM,1970011,Brentwood Park,7157266,Gladiators,7157264,Panthers,,,,,Brandon tosses no-hitter and gets help from offense for win,,1,2,6,0,0,0,0,0,0,8,1,0,0,0,0,0,0,0,0,0,0,0,0,3,0,,1/1/1900 6:45:00 PM,34
308183,1035682,2023 BWB Season,29896594,7/15/2023,1/1/1900 6:45:00 PM,1970011,Brentwood Park,7157264,Panthers,7157266,Gladiators,,,,,AJ is marvelous on the mound and Dan hits big homer in win,,1,0,0,0,0,0,0,0,0,0,1,0,3,3,0,0,0,0,0,0,6,3,0,3,0,,1/1/1900 7:15:00 PM,35
308183,1035682,2023 BWB Season,29896595,7/15/2023,1/1/1900 7:15:00 PM,1970011,Brentwood Park,7157266,Gladiators,7157264,Panthers,,,,,Brandon does it all as Glads sweep and clinch postseason,,1,2,1,5,0,0,0,0,0,8,4,0,1,0,0,0,0,0,0,0,1,1,0,3,0,,1/1/1900 8:00:00 PM,36
308183,1035682,2023 BWB Season,29900356,7/17/2023,1/1/1900 6:00:00 PM,2188588,Downtown Metro,7157269,Shock,7157279,Bananas,,,,,Justin throws longest no-hitter and Dean hits walk-off,,1,0,0,0,0,0,0,0,0,0,0,1,0,0,0,0,1,0,0,0,1,5,0,5,0,,1/1/1900 6:45:00 PM,37
308183,1035682,2023 BWB Season,29900357,7/17/2023,1/1/1900 6:45:00 PM,2188588,Downtown Metro,7157279,Bananas,7157269,Shock,,,,,Jack homers twice and TJ pitches gem for Shock win,,1,1,0,0,0,0,0,0,0,1,2,0,0,3,0,0,0,0,0,0,3,3,0,3,0,,1/1/1900 7:05:00 PM,38
308183,1035682,2023 BWB Season,29900358,7/17/2023,1/1/1900 7:05:00 PM,2188588,Downtown Metro,7157269,Shock,7157279,Bananas,,,,,Bananas strike early and don't look back to finish  strong,,1,0,0,0,0,0,0,0,0,0,0,1,7,1,0,0,0,0,0,0,8,6,0,3,0,,1/1/1900 7:35:00 PM,39
308183,1035682,2023 BWB Season,29906876,7/24/2023,1/1/1900 4:30:00 PM,2188588,Downtown Metro,7157262,Kraken,7157266,Gladiators,,,,,Gladiators storm back late to walk-off game one,,1,2,0,0,0,0,0,0,0,2,5,0,0,1,3,0,0,0,0,0,4,3,0,3,0,,1/1/1900 5:00:00 PM,40
308183,1035682,2023 BWB Season,29906877,7/24/2023,1/1/1900 5:00:00 PM,2188588,Downtown Metro,7157266,Gladiators,7157262,Kraken,,,,,Evan throws shutout to lead Kraken to win,,1,0,0,0,0,0,0,0,0,0,4,0,3,1,0,0,0,0,0,0,4,4,0,3,0,,1/1/1900 5:30:00 PM,41
308183,1035682,2023 BWB Season,29906878,7/24/2023,1/1/1900 5:30:00 PM,2188588,Downtown Metro,7157262,Kraken,7157266,Gladiators,,,,,Brandon outduels Parker to lead Glads to division crown,,1,0,0,0,0,0,0,0,0,0,4,0,1,0,0,0,0,0,0,0,1,5,2,3,0,,1/1/1900 6:00:00 PM,42
308183,1035682,2023 BWB Season,29906880,7/24/2023,1/1/1900 6:00:00 PM,2188588,Downtown Metro,7157264,Panthers,7157262,Kraken,,,,,Evan does it all in game one win for Kraken,,1,0,0,0,0,0,0,0,0,0,1,1,2,2,0,0,0,0,0,0,4,5,0,3,0,,1/1/1900 6:30:00 PM,43
308183,1035682,2023 BWB Season,29906881,7/24/2023,1/1/1900 6:30:00 PM,2188588,Downtown Metro,7157262,Kraken,7157264,Panthers,,,,,Kraken outlast Panthers to win and clinch postseason,,1,0,0,0,1,2,0,0,0,3,3,1,0,0,0,1,0,0,0,0,1,2,1,5,0,,1/1/1900 7:30:00 PM,44
308183,1035682,2023 BWB Season,29906882,7/24/2023,1/1/1900 7:30:00 PM,2188588,Downtown Metro,7157264,Panthers,7157262,Kraken,,,,,Kraken big second inning propels to victory,,1,0,1,0,0,0,0,0,0,1,4,0,0,5,0,0,0,0,0,0,5,3,0,3,0,,1/1/1900 8:00:00 PM,45
308183,1038262,2023 BWB Playoffs,29908771,7/27/2023,1/1/1900 6:00:00 PM,2188588,Downtown Metro,7174828,Dragons,7174829,Bananas,,,,,Justin throws gem and Brandon drives in 5 to win Wild Card,,1,0,1,0,0,0,0,0,0,1,2,1,6,1,0,0,0,0,0,0,7,4,0,3,0,,1/1/1900 7:00:00 PM,1
308183,1038262,2023 BWB Playoffs,29908772,7/30/2023,1/1/1900 6:00:00 PM,1970011,Brentwood Park,7174826,Kraken,7174827,Gladiators,,,,,Gladiators come back in 7th for magical Wild Card victory!,,1,0,0,0,0,0,0,1,0,1,2,0,0,0,0,0,0,0,5,0,5,4,0,7,0,,1/1/1900 7:00:00 PM,2
308183,1038262,2023 BWB Playoffs,29918518,8/6/2023,1/1/1900 11:00:00 AM,2188588,Downtown Metro,7174829,Bananas,7174827,Gladiators,,,,,Bananas clutch up in 5th behind Justin's dominant no-hitter,,1,0,0,0,0,2,0,0,0,2,3,0,0,0,0,0,0,0,0,0,0,0,0,5,0,,1/1/1900 12:00:00 PM,3
308183,1038262,2023 BWB Playoffs,29918519,8/6/2023,1/1/1900 12:00:00 PM,2188588,Downtown Metro,7174827,Gladiators,7174829,Bananas,,,,,AJ shines on the mound and Gladiators use walks to win,,1,4,6,2,0,0,0,0,0,12,2,0,3,0,2,0,0,0,0,0,5,3,0,3,0,,1/1/1900 1:00:00 PM,4
308183,1038262,2023 BWB Playoffs,29918520,8/6/2023,1/1/1900 1:00:00 PM,2188588,Downtown Metro,7174829,Bananas,7174827,Gladiators,,,,,Clutch hits and Brandon's pitching lead Glads to win title!,,1,1,0,2,0,0,0,0,0,3,3,0,1,0,2,0,1,0,0,0,4,9,0,5,0,,1/1/1900 2:00:00 PM,5
308183,1048518,2024 BWB Season,30532697,5/26/2024,1/1/1900 6:00:00 PM,1970011,Brentwood Park,7263593,Panthers,7263596,Shock,,,,,Clutch homer from Duffy backs Pasqua's Opening Day No-Hitter,,1,0,0,0,0,0,0,0,0,0,0,0,2,0,0,0,0,0,0,0,2,2,0,3,0,,1/1/1900 6:30:00 PM,1
308183,1048518,2024 BWB Season,30532709,5/26/2024,1/1/1900 6:30:00 PM,1970011,Brentwood Park,7263596,Shock,7263593,Panthers,,,,,Shock use patience in big spots to win game 2,,1,1,3,5,0,0,0,0,0,9,3,0,0,1,0,0,0,0,0,0,1,1,0,3,0,,1/1/1900 7:30:00 PM,2
308183,1048518,2024 BWB Season,30532729,5/26/2024,1/1/1900 7:30:00 PM,1970011,Brentwood Park,7263593,Panthers,7263596,Shock,,,,,Early run makes difference to seal Shock sweep,,1,0,0,0,0,0,0,0,0,0,3,0,1,0,0,0,0,0,0,0,1,3,0,3,0,,1/1/1900 8:00:00 PM,3
308183,1048518,2024 BWB Season,30536250,5/31/2024,1/1/1900 4:30:00 PM,2188588,Downtown Metro,7263597,Braves,7263592,Kraken,,,,,Victor's homer helps Vinny seal no-hitter to start season,,1,0,1,0,0,0,0,0,0,1,3,0,0,0,0,0,0,0,0,0,0,0,0,3,0,,1/1/1900 5:00:00 PM,4
308183,1048518,2024 BWB Season,30536251,5/31/2024,1/1/1900 5:00:00 PM,2188588,Downtown Metro,7263592,Kraken,7263597,Braves,,,,,Kraken offense comes alive to win decisive game 2,,1,6,2,0,0,0,0,0,0,8,8,1,1,0,2,0,0,0,0,0,3,3,5,3,0,,1/1/1900 5:30:00 PM,5
308183,1048518,2024 BWB Season,30536252,5/31/2024,1/1/1900 5:30:00 PM,2188588,Downtown Metro,7263597,Braves,7263592,Kraken,,,,,Homers from Evan and Parker pace Kraken for series win,,1,1,1,1,0,0,0,0,0,3,3,0,3,4,0,0,0,0,0,0,7,5,0,3,0,,1/1/1900 6:00:00 PM,6
308183,1048518,2024 BWB Season,30543114,6/4/2024,1/1/1900 6:30:00 PM,2212142,Silver Lake Park,7263594,Bananas,7263595,Gladiators,,,,,Justin throws dominant no-hitter for Opening Day win,,1,3,8,3,0,0,0,0,0,0,9,0,0,0,0,0,0,0,0,0,3,0,0,3,0,,1/1/1900 7:00:00 PM,7
308183,1048518,2024 BWB Season,30543115,6/4/2024,1/1/1900 7:00:00 PM,2212142,Silver Lake Park,7263595,Gladiators,7263594,Bananas,,,,,Justin remains dominant and Bananas use the longball for win,,1,0,0,0,0,0,0,0,0,3,2,0,1,6,0,0,0,0,0,0,0,5,0,3,0,,1/1/1900 7:30:00 PM,8
308183,1048518,2024 BWB Season,30543116,6/4/2024,1/1/1900 7:30:00 PM,2212142,Silver Lake Park,7263594,Bananas,7263595,Gladiators,,,,,Gladiators explode in first and AJ pitches gem to win,,1,0,1,0,0,0,0,0,0,1,3,0,7,0,0,0,0,0,0,0,7,7,1,3,0,,1/1/1900 8:00:00 PM,9
308183,1048518,2024 BWB Season,30557998,6/15/2024,1/1/1900 6:30:00 PM,1970011,Brentwood Park,7263592,Kraken,7263594,Bananas,,,,,Homers from Evan and Dom help Kraken hold on to win,,1,1,2,4,0,0,0,0,0,7,8,0,0,2,3,0,0,0,0,0,5,7,1,3,0,,1/1/1900 7:00:00 PM,10
308183,1048518,2024 BWB Season,30558000,6/15/2024,1/1/1900 7:00:00 PM,1970011,Brentwood Park,7263594,Bananas,7263592,Kraken,,,,,Evan does it all and throws 3rd career No-Hitter,,1,0,0,0,0,0,0,0,0,0,0,0,0,1,0,0,0,0,0,0,1,2,0,3,0,,1/1/1900 7:30:00 PM,11
308183,1048518,2024 BWB Season,30558043,6/15/2024,1/1/1900 7:30:00 PM,1970011,Brentwood Park,7263592,Kraken,7263594,Bananas,,,,,Evan comes up clutch on both sides to seal Kraken sweep,,1,0,1,3,0,0,0,0,0,4,7,0,0,0,0,0,0,0,0,0,0,1,0,3,0,,1/1/1900 8:00:00 PM,12
308183,1048518,2024 BWB Season,30563109,6/19/2024,1/1/1900 4:00:00 PM,2188588,Downtown Metro,7263596,Shock,7263597,Braves,,,,,Braves outlast Anthony to walk-off late,,1,0,0,0,0,0,0,0,0,0,2,0,0,0,1,0,0,0,0,0,1,0,0,3,0,,1/1/1900 4:30:00 PM,13
308183,1048518,2024 BWB Season,30563110,6/19/2024,1/1/1900 4:30:00 PM,2188588,Downtown Metro,7263597,Braves,7263596,Shock,,,,,Shock stave off late Braves comeback for big win,,1,0,3,7,0,0,0,0,0,10,9,0,6,8,0,0,0,0,0,0,14,8,0,3,0,,1/1/1900 5:30:00 PM,14
308183,1048518,2024 BWB Season,30563111,6/19/2024,1/1/1900 5:30:00 PM,2188588,Downtown Metro,7263596,Shock,7263597,Braves,,,,,Shock hold on late to win and take series,,1,0,2,0,0,0,0,0,0,2,1,0,0,0,1,0,0,0,0,0,1,2,1,3,0,,1/1/1900 6:00:00 PM,15
308183,1048518,2024 BWB Season,30566031,6/23/2024,1/1/1900 6:30:00 AM,1970011,Brentwood Park,7263595,Gladiators,7263593,Panthers,,,,,Panthers explode for 11 runs for decisive game one win,,1,0,1,0,0,0,0,0,0,1,2,0,5,6,0,0,0,0,0,0,11,5,0,3,0,,1/1/1900 7:00:00 PM,16
308183,1048518,2024 BWB Season,30566032,6/23/2024,1/1/1900 7:00:00 PM,1970011,Brentwood Park,7263593,Panthers,7263595,Gladiators,,,,,Panthers offense stays hot in big victory,,1,6,7,0,0,0,0,0,0,13,5,0,3,0,0,0,0,0,0,0,3,3,1,3,0,,1/1/1900 7:30:00 PM,17
308183,1048518,2024 BWB Season,30566033,6/23/2024,1/1/1900 7:30:00 PM,1970011,Brentwood Park,7263595,Gladiators,7263593,Panthers,,,,,Peter shines on the mound to solidify Panthers sweep,,1,0,0,0,0,0,0,0,0,0,3,0,1,3,0,0,0,0,0,0,4,7,1,3,0,,1/1/1900 8:00:00 PM,18
308183,1048518,2024 BWB Season,30573728,6/30/2024,1/1/1900 2:00:00 PM,1970011,Brentwood Park,7263595,Gladiators,7263597,Braves,,,,,Chris hits 2 homers and brings home 7 to lead Braves to win,,1,1,7,0,0,0,0,0,0,8,5,0,3,7,0,0,0,0,0,0,10,5,0,3,0,,1/1/1900 2:45:00 PM,19
308183,1048518,2024 BWB Season,30573729,6/30/2024,1/1/1900 2:45:00 PM,1970011,Brentwood Park,7263597,Braves,7263595,Gladiators,,,,,Mike hits go-ahead homer and Vinny closes the door for win,,1,4,3,0,0,0,0,0,0,7,4,0,3,0,1,0,0,0,0,0,4,4,0,3,0,,1/1/1900 3:30:00 PM,20
308183,1048518,2024 BWB Season,30573730,6/30/2024,1/1/1900 3:30:00 PM,1970011,Brentwood Park,7263595,Gladiators,7263597,Braves,,,,,Glads offense explodes to salvage series,,1,7,0,10,0,0,0,0,0,17,9,0,0,4,5,0,0,0,0,0,9,10,1,3,0,,1/1/1900 4:15:00 PM,21
308183,1048518,2024 BWB Season,30581630,7/12/2024,1/1/1900 2:45:00 PM,1889824,TBA,7263594,Bananas,7263596,Shock,,,,,,,1,,,,,,,,,0,0,0,,,,,,,,,3,0,0,,1,,1/1/1900 3:30:00 PM,22
308183,1048518,2024 BWB Season,30581631,7/12/2024,1/1/1900 2:45:00 PM,1889824,TBA,7263596,Shock,7263594,Bananas,,,,,,,1,,,,,,,,,3,0,0,,,,,,,,,0,0,0,,1,,1/1/1900 3:30:00 PM,23
308183,1048518,2024 BWB Season,30581632,7/12/2024,1/1/1900 2:45:00 PM,1889824,TBA,7263594,Bananas,7263596,Shock,,,,,,,1,,,,,,,,,0,0,0,,,,,,,,,3,0,0,,1,,1/1/1900 3:30:00 PM,24
308183,1048518,2024 BWB Season,30581633,7/13/2024,1/1/1900 2:45:00 PM,1889824,TBA,7263594,Bananas,7263593,Panthers,,,,,,,1,,,,,,,,,0,0,0,,,,,,,,,3,0,0,,1,,1/1/1900 3:30:00 PM,25
308183,1048518,2024 BWB Season,30581634,7/13/2024,1/1/1900 2:45:00 PM,1889824,TBA,7263593,Panthers,7263594,Bananas,,,,,,,1,,,,,,,,,3,0,0,,,,,,,,,0,0,0,,1,,1/1/1900 3:30:00 PM,26
308183,1048518,2024 BWB Season,30581635,7/13/2024,1/1/1900 2:45:00 PM,1889824,TBA,7263594,Bananas,7263593,Panthers,,,,,,,1,,,,,,,,,0,0,0,,,,,,,,,3,0,0,,1,,1/1/1900 3:30:00 PM,27
308183,1048518,2024 BWB Season,30581636,7/13/2024,1/1/1900 2:45:00 PM,1889824,TBA,7263597,Braves,7263594,Bananas,,,,,,,1,,,,,,,,,3,0,0,,,,,,,,,0,0,0,,1,,1/1/1900 3:30:00 PM,28
308183,1048518,2024 BWB Season,30581637,7/13/2024,1/1/1900 2:45:00 PM,1889824,TBA,7263594,Bananas,7263597,Braves,,,,,,,1,,,,,,,,,0,0,0,,,,,,,,,3,0,0,,1,,1/1/1900 3:30:00 PM,29
308183,1048518,2024 BWB Season,30581638,7/13/2024,1/1/1900 2:45:00 PM,1889824,TBA,7263597,Braves,7263594,Bananas,,,,,,,1,,,,,,,,,3,0,0,,,,,,,,,0,0,0,,1,,1/1/1900 3:30:00 PM,30
308183,1048518,2024 BWB Season,30586229,7/20/2024,1/1/1900 5:00:00 PM,2188588,Downtown Metro,7263592,Kraken,7263593,Panthers,,,,,Parker throws shutout and JT homers for Kraken win,,1,2,0,0,0,0,0,0,0,2,4,0,0,0,0,0,0,0,0,0,0,2,0,3,0,,1/1/1900 5:30:00 PM,31
308183,1048518,2024 BWB Season,30586230,7/20/2024,1/1/1900 5:30:00 PM,2188588,Downtown Metro,7263593,Panthers,7263592,Kraken,,,,,Peter is lights out and Spo hits big homer for Panthers win,,1,0,0,5,0,0,0,0,0,5,3,0,0,0,0,0,0,0,0,0,0,1,0,3,0,,1/1/1900 6:00:00 PM,32
308183,1048518,2024 BWB Season,30586231,7/20/2024,1/1/1900 6:00:00 PM,2188588,Downtown Metro,7263592,Kraken,7263593,Panthers,,,,,Parker hits three homers and goes distance for series win,,1,2,1,6,0,0,0,0,0,9,5,0,0,0,0,0,0,0,0,0,0,0,0,3,0,,1/1/1900 6:30:00 PM,33
308183,1048518,2024 BWB Season,30589218,7/24/2024,1/1/1900 4:00:00 PM,2188588,Downtown Metro,7263593,Panthers,7263597,Braves,,,,,Peter throws no-hitter for big Panthers win,,1,2,0,3,0,0,0,0,0,5,3,0,0,0,0,0,0,0,0,0,0,0,1,3,0,,1/1/1900 4:30:00 PM,34
308183,1048518,2024 BWB Season,30589219,7/24/2024,1/1/1900 4:30:00 PM,2188588,Downtown Metro,7263597,Braves,7263593,Panthers,,,,,Braves offense explodes to set up big game 3,,1,4,7,2,0,0,0,0,0,13,5,2,0,1,1,0,0,0,0,0,2,2,0,3,0,,1/1/1900 5:00:00 PM,35
308183,1048518,2024 BWB Season,30589220,7/24/2024,1/1/1900 5:00:00 PM,2188588,Downtown Metro,7263593,Panthers,7263597,Braves,,,,,Panthers hit 3 homers and Peter throws gem to win Brookside,,1,6,0,5,0,0,0,0,0,11,6,0,0,3,0,0,0,0,0,0,3,5,2,3,0,,1/1/1900 5:30:00 PM,36
308183,1048518,2024 BWB Season,30590939,7/26/2024,1/1/1900 6:30:00 AM,1970011,Brentwood Park,7263595,Gladiators,7263596,Shock,,,,,Shock jump out early and Anthony pitches gem for win,,1,0,0,1,0,0,0,0,0,1,1,0,6,0,0,0,0,0,0,0,6,5,0,3,0,,1/1/1900 7:00:00 PM,37
308183,1048518,2024 BWB Season,30590940,7/26/2024,1/1/1900 7:00:00 PM,1970011,Brentwood Park,7263596,Shock,7263595,Gladiators,,,,,Austin hits walk-off homer to lead Glads to huge win,,1,1,1,0,0,0,0,0,0,2,2,0,0,0,3,0,0,0,0,0,3,2,0,3,0,,1/1/1900 7:30:00 PM,38
308183,1048518,2024 BWB Season,30590944,7/26/2024,1/1/1900 7:30:00 PM,1970011,Brentwood Park,7263595,Gladiators,7263596,Shock,,,,,Shock offense explode in playoff clinching win,,1,3,1,0,0,0,0,0,0,4,0,0,5,7,0,0,0,0,0,0,12,6,0,3,0,,1/1/1900 8:00:00 PM,39
308183,1048518,2024 BWB Season,30592408,7/28/2024,1/1/1900 11:30:00 AM,2188588,Downtown Metro,7263596,Shock,7263592,Kraken,,,,,Kraken use patience and good start from Evan to walk-off,,1,0,0,0,0,0,0,0,0,0,1,0,0,0,0,1,0,0,0,0,1,1,0,4,0,,1/1/1900 12:30:00 PM,40
308183,1048518,2024 BWB Season,30592409,7/28/2024,1/1/1900 12:30:00 PM,2188588,Downtown Metro,7263592,Kraken,7263596,Shock,,,,,Anthony throws stunning 6 inning no-hitter to lead Shock,,1,0,0,0,0,0,0,0,0,0,0,0,0,0,0,0,0,1,0,0,1,3,0,6,0,,1/1/1900 1:30:00 PM,41
308183,1048518,2024 BWB Season,30592410,7/28/2024,1/1/1900 1:30:00 PM,2188588,Downtown Metro,7263596,Shock,7263592,Kraken,,,,,Theo's big homer and Parker's gem help Kraken clinch,,1,1,0,0,0,0,0,0,0,1,2,0,2,0,0,0,0,0,0,0,2,2,0,3,0,,1/1/1900 2:00:00 PM,42
308183,1048518,2024 BWB Season,30596233,7/29/2024,1/1/1900 6:00:00 AM,1889824,TBA,7263592,Kraken,7263595,Gladiators,,,,,,,1,,,,,,,,,3,0,0,,,,,,,,,0,0,0,,1,,1/1/1900,43
308183,1048518,2024 BWB Season,30596234,7/29/2024,1/1/1900 6:00:00 AM,1889824,TBA,7263595,Gladiators,7263592,Kraken,,,,,,,1,,,,,,,,,0,0,0,,,,,,,,,3,0,0,,1,,1/1/1900,44
308183,1048518,2024 BWB Season,30596235,7/29/2024,1/1/1900 6:00:00 AM,1889824,TBA,7263592,Kraken,7263595,Gladiators,,,,,,,1,,,,,,,,,3,0,0,,,,,,,,,0,0,0,,1,,1/1/1900,45
308183,1050363,2024 BWB Playoffs,30598510,8/2/2024,1/1/1900 6:15:00 PM,2188588,Downtown Metro,7274667,Shock,7274665,Kraken,,,,,Dom hits 2 grand-slams to lead Kraken to Championship,,1,0,0,0,0,0,0,4,0,4,6,0,0,0,0,0,0,0,4,4,8,7,0,8,0,,1/1/1900 7:15:00 PM,1
308183,1050363,2024 BWB Playoffs,30599848,8/4/2024,1/1/1900 6:30:00 PM,1970011,Brentwood Park,7274668,Braves,7274666,Panthers,,,,,Braves bounce back big after blowing lead to advance,,1,3,4,0,8,0,0,0,0,15,1,0,3,1,3,0,0,0,0,0,7,6,0,4,0,,1/1/1900 7:30:00 PM,2
308183,1050363,2024 BWB Playoffs,30613664,8/12/2024,1/1/1900 6:00:00 PM,2188588,Downtown Metro,7274668,Braves,7274665,Kraken,,,,,Theo hits walk-off homer for thrilling game one win!,,1,0,0,1,0,0,0,0,0,1,2,0,0,0,2,0,0,0,0,0,2,3,1,3,0,,1/1/1900 6:30:00 PM,3
308183,1050363,2024 BWB Playoffs,30613665,8/12/2024,1/1/1900 6:30:00 PM,2188588,Downtown Metro,7274665,Kraken,7274668,Braves,,,,,Kraken come up clutch in 4th to win 2024 Championship!,,1,3,3,0,2,0,0,0,0,8,7,1,4,2,0,0,0,0,0,0,6,6,0,4,0,,1/1/1900 7:30:00 PM,4
308183,1051057,2024 All-Star Game,30635888,8/23/2024,1/1/1900 4:15:00 PM,1970011,Brentwood Park,7281259,Brentwood Division,7281258,Brookside Division,,,,,TJ and Duffy hit 5 homers to lead Brentwood to AS victory!,,1,5,1,3,2,3,0,0,0,14,12,1,1,2,4,4,2,0,0,0,13,14,1,5,0,,1/1/1900 5:15:00 PM,1
308183,1059307,2025 BWB Season,31158038,5/29/2025,1/1/1900 5:45:00 PM,2188588,Downtown Metro,7351465,Gladiators,7351468,Snapping Turtles,,,,,Brandon throws no-no and Tommy homers for Glads first win,,1,0,4,0,0,0,0,0,0,4,2,0,0,0,0,0,0,0,0,0,0,0,1,3,0,,1/1/1900 6:20:00 PM,1
308183,1059307,2025 BWB Season,31158047,5/29/2025,1/1/1900 6:20:00 PM,2188588,Downtown Metro,7351468,Snapping Turtles,7351465,Gladiators,,,,,AJ pitches complete game shutout to lead Glads to win,,1,0,0,0,0,0,0,0,0,0,3,0,0,2,0,0,0,0,0,0,2,3,1,3,0,,1/1/1900 6:50:00 PM,2
308183,1059307,2025 BWB Season,31158048,5/29/2025,1/1/1900 6:50:00 PM,2188588,Downtown Metro,7351465,Gladiators,7351468,Snapping Turtles,,,,,Glads hold off late Turtle comeback to complete series sweep,,1,6,0,2,0,0,0,0,0,8,4,3,0,3,2,0,0,0,0,0,5,7,1,3,0,,1/1/1900 7:40:00 PM,3
308183,1059307,2025 BWB Season,31161225,6/1/2025,1/1/1900 3:30:00 PM,2188588,Downtown Metro,7351467,Panthers,7351469,Titans,,,,,Anthony outduels Peter and Duffy walks it off for Titans win,,1,0,0,0,0,0,0,0,0,0,1,3,0,0,0,1,0,0,0,0,1,1,0,4,0,,1/1/1900 4:15:00 PM,4
308183,1059307,2025 BWB Season,31161226,6/1/2025,1/1/1900 4:00:00 PM,2188588,Downtown Metro,7351469,Titans,7351467,Panthers,,,,,Titans dominate with 10 hits for game two victory,,1,4,7,0,0,0,0,0,0,11,10,0,2,2,0,0,0,0,0,0,4,1,2,3,0,,1/1/1900 5:00:00 PM,5
308183,1059307,2025 BWB Season,31161227,6/1/2025,1/1/1900 5:00:00 PM,2188588,Downtown Metro,7351467,Panthers,7351469,Titans,,,,,Titans come out swinging and don't look back for sweep,,1,0,0,3,0,0,0,0,0,3,2,1,3,5,0,0,0,0,0,0,8,6,0,3,0,,1/1/1900 5:30:00 PM,6
308183,1059307,2025 BWB Season,31177893,6/13/2025,1/1/1900 5:00:00 PM,2212142,Silver Lake Park,7351464,Kraken,7351466,Braves,,,,,Kraken hit three homers in route to first 2025 win,,1,0,6,3,0,0,0,0,0,9,6,0,3,1,0,0,0,0,0,0,4,2,0,3,0,,1/1/1900 6:15:00 PM,7
308183,1059307,2025 BWB Season,31177894,6/13/2025,1/1/1900 6:15:00 PM,2212142,Silver Lake Park,7351466,Braves,7351464,Kraken,,,,,Kyle hits walk-off grand slam to win thriller game two,,1,4,3,4,0,0,0,0,0,11,9,1,3,4,6,0,0,0,0,0,13,10,2,3,0,,1/1/1900 7:00:00 PM,8
308183,1059307,2025 BWB Season,31177895,6/13/2025,1/1/1900 7:00:00 PM,2212142,Silver Lake Park,7351464,Kraken,7351466,Braves,,,,,Kraken hit 4 homers and TJ shines on mound for series sweep,,1,5,3,3,0,0,0,0,0,11,8,0,3,0,0,0,0,0,0,0,3,2,2,3,0,,1/1/1900 7:30:00 PM,9
308183,1059307,2025 BWB Season,31180821,6/16/2025,1/1/1900 5:15:00 PM,2188588,Downtown Metro,7351467,Panthers,7351465,Gladiators,,,,,Gladiators outlast Panthers in offensive outburst for win,,1,8,3,4,0,0,0,0,0,15,3,0,8,4,4,0,0,0,0,0,16,8,1,3,0,,1/1/1900 6:00:00 PM,10
308183,1059307,2025 BWB Season,31180822,6/16/2025,1/1/1900 6:15:00 PM,2188588,Downtown Metro,7351465,Gladiators,7351467,Panthers,,,,,Two grand slams and Joey's clutch relief seals Panther win,,1,6,3,0,0,0,0,0,0,9,7,0,8,9,0,0,0,0,0,0,17,3,0,3,0,,1/1/1900 7:00:00 PM,11
308183,1059307,2025 BWB Season,31180823,6/16/2025,1/1/1900 7:00:00 PM,2188588,Downtown Metro,7351467,Panthers,7351465,Gladiators,,,,,Brandon stays hot and Glads outlast Panthers for series win,,1,6,6,0,3,0,0,0,0,15,2,1,6,5,1,4,0,0,0,0,16,15,1,4,0,,1/1/1900 8:30:00 PM,12
308183,1059307,2025 BWB Season,31186463,6/22/2025,1/1/1900 5:00:00 PM,2188588,Downtown Metro,7351466,Braves,7351469,Titans,,,,,"Anthony throws complete game, Titans offense lead to win",,1,2,0,0,0,0,0,0,0,2,1,0,5,0,0,0,0,0,0,0,5,4,1,3,0,,1/1/1900 5:30:00 PM,13
308183,1059307,2025 BWB Season,31186465,6/22/2025,1/1/1900 5:30:00 PM,2188588,Downtown Metro,7351469,Titans,7351466,Braves,,,,,"Braves big third inning, Frankie's stellar debut lead to win",,1,0,2,8,0,0,0,0,0,10,6,1,0,0,2,0,0,0,0,0,2,2,3,3,0,,1/1/1900 6:00:00 PM,14
308183,1059307,2025 BWB Season,31186466,6/22/2025,1/1/1900 6:00:00 PM,2188588,Downtown Metro,7351466,Braves,7351469,Titans,,,,,Nick and Frankie go back to back in third for series sweep,,1,0,4,0,0,0,0,0,0,4,5,0,0,3,2,0,0,0,0,0,5,5,0,3,0,,1/1/1900 6:30:00 PM,15
308183,1059307,2025 BWB Season,31191333,6/26/2025,1/1/1900 6:45:00 PM,2212142,Silver Lake Park,7351468,Snapping Turtles,7351464,Kraken,,,,,Kraken big second inning propel them to win,,1,1,4,1,0,0,0,0,0,6,4,4,3,5,0,0,0,0,0,0,8,9,1,3,0,,1/1/1900 7:15:00 PM,16
308183,1059307,2025 BWB Season,31191334,6/26/2025,1/1/1900 7:15:00 PM,2212142,Silver Lake Park,7351464,Kraken,7351468,Snapping Turtles,,,,,Kraken explode for 16 runs to decisively win game 2,,1,8,5,3,0,0,0,0,0,16,11,0,0,1,0,0,0,0,0,0,1,0,1,3,0,,1/1/1900 8:00:00 PM,17
308183,1059307,2025 BWB Season,31191335,6/26/2025,1/1/1900 8:00:00 PM,2212142,Silver Lake Park,7351468,Snapping Turtles,7351464,Kraken,,,,,Parker hits walk-off to to spoil Turtles comeback and sweep,,1,1,3,3,0,0,0,0,0,7,4,0,6,1,1,0,0,0,0,0,8,9,2,3,0,,1/1/1900 8:30:00 PM,18
308183,1059307,2025 BWB Season,31197098,6/30/2025,1/1/1900 5:00:00 PM,2188588,Downtown Metro,7351464,Kraken,7351467,Panthers,,,,,Kraken offense comes up with timely hits for big win,,1,0,4,2,0,0,0,0,0,6,6,0,0,3,0,0,0,0,0,0,3,6,2,3,0,,1/1/1900 5:45:00 PM,19
308183,1059307,2025 BWB Season,31197103,6/30/2025,1/1/1900 5:45:00 PM,2188588,Downtown Metro,7351467,Panthers,7351464,Kraken,,,,,Theo hits walk-off homer to cap pitchers duel,,1,0,0,0,0,0,0,0,0,0,1,0,0,0,1,0,0,0,0,0,1,1,0,3,0,,1/1/1900 6:30:00 PM,20
308183,1059307,2025 BWB Season,31197104,6/30/2025,1/1/1900 6:30:00 PM,2188588,Downtown Metro,7351464,Kraken,7351467,Panthers,,,,,Daniel clutches up on the mound and Panthers salvage series,,1,2,1,0,0,0,0,0,0,3,5,0,4,0,0,0,0,0,0,0,4,3,1,3,0,,1/1/1900 7:00:00 PM,21
308183,1059307,2025 BWB Season,31199965,7/3/2025,1/1/1900 4:30:00 PM,2188588,Downtown Metro,7351469,Titans,7351468,Snapping Turtles,,,,,"Anthony throws no-hitter, Titans big 3rd inning lead to win",,1,2,0,9,0,0,0,0,0,11,10,0,0,0,0,0,0,0,0,0,0,0,1,3,0,,1/1/1900 5:00:00 PM,22
308183,1059307,2025 BWB Season,31199966,7/3/2025,1/1/1900 5:00:00 PM,2188588,Downtown Metro,7351468,Snapping Turtles,7351469,Titans,,,,,Frankie dazzles on mound to lead Titans to game 2 win,,1,0,0,1,0,0,0,0,0,1,1,0,4,3,0,0,0,0,0,0,7,5,0,3,0,,1/1/1900 5:30:00 PM,23
308183,1059307,2025 BWB Season,31199967,7/3/2025,1/1/1900 5:30:00 PM,2188588,Downtown Metro,7351469,Titans,7351468,Snapping Turtles,,,,,Titans have big first inning and don't look back for sweep,,1,6,0,0,0,0,0,0,0,6,1,0,0,3,0,0,0,0,0,0,3,4,3,3,0,,1/1/1900 6:00:00 PM,24
308183,1059307,2025 BWB Season,31206235,7/11/2025,1/1/1900 5:00:00 PM,2188588,Downtown Metro,7351466,Braves,7351465,Gladiators,,,,,Late heroics from Tommy and AJ lead Glads to comeback win,,1,3,0,0,0,0,0,0,0,3,1,0,2,0,1,1,0,0,0,0,4,7,0,4,0,,1/1/1900 6:00:00 PM,25
308183,1059307,2025 BWB Season,31206236,7/11/2025,1/1/1900 6:00:00 PM,2188588,Downtown Metro,7351465,Gladiators,7351466,Braves,,,,,Vinny goes the distance to lead Braves to first win,,1,0,0,0,0,0,0,0,0,0,3,1,1,1,0,0,0,0,0,0,2,3,1,3,0,,1/1/1900 6:30:00 PM,26
308183,1059307,2025 BWB Season,31206238,7/11/2025,1/1/1900 6:30:00 PM,2188588,Downtown Metro,7351466,Braves,7351465,Gladiators,,,,,"Tommy homers twice, Brandon shines on mound for series win",,1,2,0,0,0,0,0,0,0,2,1,0,1,6,0,0,0,0,0,0,7,2,0,3,0,,1/1/1900 7:15:00 PM,27
308183,1059307,2025 BWB Season,31215453,7/22/2025,1/1/1900 5:00:00 PM,2188588,Downtown Metro,7351464,Kraken,7351469,Titans,,,,,Anthony outduels Parker and Duffy homers in series opener,,1,0,0,0,0,0,0,0,0,0,2,0,2,1,0,0,0,0,0,0,3,2,0,3,0,,1/1/1900 5:30:00 PM,28
308183,1059307,2025 BWB Season,31215454,7/22/2025,1/1/1900 5:30:00 PM,2188588,Downtown Metro,7351469,Titans,7351464,Kraken,,,,,TJ pitches gem and Parker hits walk-off homer for big win,,1,0,1,2,0,0,0,0,0,3,3,0,1,0,3,0,0,0,0,0,4,5,0,3,0,,1/1/1900 6:00:00 PM,29
308183,1059307,2025 BWB Season,31215455,7/22/2025,1/1/1900 6:00:00 PM,2188588,Downtown Metro,7351464,Kraken,7351469,Titans,,,,,"Duffy hits walk-off homer, Anthony tosses no-hitter for win",,1,0,0,0,0,0,0,0,0,0,0,0,0,0,2,0,0,0,0,0,2,1,0,3,0,,1/1/1900 6:30:00 PM,30
308183,1059307,2025 BWB Season,31219298,7/26/2025,1/1/1900 6:30:00 PM,2188588,Downtown Metro,7351468,Snapping Turtles,7351466,Braves,,,,,3rd inning comeback led by Tommy lead Turtles to first win,,1,0,0,4,0,0,0,0,0,4,2,2,0,3,0,0,0,0,0,0,3,5,0,3,0,,1/1/1900 7:00:00 PM,31
308183,1059307,2025 BWB Season,31219299,7/26/2025,1/1/1900 7:00:00 PM,2188588,Downtown Metro,7351466,Braves,7351468,Snapping Turtles,,,,,Chris goes the distance to lead Braves to big win,,1,1,3,0,0,0,0,0,0,4,8,1,0,0,0,0,0,0,0,0,0,3,0,3,0,,1/1/1900 7:30:00 PM,32
308183,1059307,2025 BWB Season,31219300,7/26/2025,1/1/1900 7:30:00 PM,2188588,Downtown Metro,7351468,Snapping Turtles,7351466,Braves,,,,,Tommy throws complete game shutout to seal series win,,1,0,4,0,0,0,0,0,0,4,5,0,0,0,0,0,0,0,0,0,0,3,1,3,0,,1/1/1900 8:00:00 PM,33
308183,1059307,2025 BWB Season,31219301,7/27/2025,1/1/1900 1:00:00 PM,2188588,Downtown Metro,7351467,Panthers,7351468,Snapping Turtles,,,,,Panthers stave off late Turtles comeback for win,,1,1,6,0,0,0,0,0,0,7,5,0,2,0,4,0,0,0,0,0,6,2,0,3,0,,1/1/1900 1:45:00 PM,34
308183,1059307,2025 BWB Season,31219303,7/27/2025,1/1/1900 1:45:00 PM,2188588,Downtown Metro,7351468,Snapping Turtles,7351467,Panthers,,,,,"Peter shines on the mound, Panthers score 6 in 2nd to win",,1,0,1,0,0,0,0,0,0,1,4,1,0,6,0,0,0,0,0,0,6,4,0,3,0,,1/1/1900 2:30:00 PM,35
308183,1059307,2025 BWB Season,31219304,7/27/2025,1/1/1900 2:30:00 PM,2188588,Downtown Metro,7351467,Panthers,7351468,Snapping Turtles,,,,,Panthers mount huge late comeback to complete sweep,,1,0,2,6,0,0,0,0,0,8,6,0,3,2,0,0,0,0,0,0,5,2,0,3,0,,1/1/1900 3:15:00 PM,36
308183,1059307,2025 BWB Season,31221609,7/30/2025,1/1/1900 6:00:00 PM,2188588,Downtown Metro,7351465,Gladiators,7351464,Kraken,,,,,Parker throws shutout and Kraken scrape across runs for win,,1,0,0,0,0,0,0,0,0,0,2,0,4,0,0,0,0,0,0,0,4,4,1,3,0,,1/1/1900 6:00:00 PM,37
308183,1059307,2025 BWB Season,31221610,7/30/2025,1/1/1900 6:30:00 PM,2188588,Downtown Metro,7351464,Kraken,7351465,Gladiators,,,,,TJ pitches gem and leads Kraken to playoff berth,,1,1,2,0,0,0,0,0,0,3,5,0,0,0,1,0,0,0,0,0,1,5,0,3,0,,1/1/1900 7:00:00 PM,38
308183,1059307,2025 BWB Season,31221611,7/30/2025,1/1/1900 7:00:00 PM,2188588,Downtown Metro,7351465,Gladiators,7351464,Kraken,,,,,Gladiators hit 3 home runs and Dan pitches well for big win,,1,6,0,0,0,4,0,0,0,10,16,1,3,1,2,0,0,0,0,0,6,8,1,5,0,,1/1/1900 8:00:00 PM,39
308183,1059307,2025 BWB Season,31224584,8/4/2025,1/1/1900 6:00:00 AM,1889824,TBA,7351469,Titans,7351465,Gladiators,,,,,,,1,,,,,,,,,0,0,0,,,,,,,,,3,0,0,,1,,1/1/1900,40
308183,1059307,2025 BWB Season,31224586,8/4/2025,1/1/1900 6:00:00 AM,1889824,TBA,7351465,Gladiators,7351469,Titans,,,,,,,1,,,,,,,,,3,0,0,,,,,,,,,0,0,0,,1,,1/1/1900,41
308183,1059307,2025 BWB Season,31224590,8/4/2025,1/1/1900 6:00:00 AM,1889824,TBA,7351469,Titans,7351465,Gladiators,,,,,,,1,,,,,,,,,0,0,0,,,,,,,,,3,0,0,,1,,1/1/1900,42
308183,1059307,2025 BWB Season,31228915,8/5/2025,1/1/1900 5:00:00 PM,2188588,Downtown Metro,7351466,Braves,7351467,Panthers,,,,,"Peter throws complete game shutout, Panthers win division",,1,0,0,0,0,0,0,0,0,0,1,0,4,0,0,0,0,0,0,0,4,2,0,3,0,,1/1/1900 5:30:00 PM,43
308183,1059307,2025 BWB Season,31228916,8/5/2025,1/1/1900 5:30:00 PM,2188588,Downtown Metro,7351467,Panthers,7351466,Braves,,,,,"Sposato homers twice, Duffy turns in quality start for win",,1,1,4,1,0,0,0,0,0,6,5,0,0,0,5,0,0,0,0,0,5,9,3,3,0,,1/1/1900 6:00:00 PM,44
308183,1059307,2025 BWB Season,31228917,8/5/2025,1/1/1900 6:00:00 PM,2188588,Downtown Metro,7351466,Braves,7351467,Panthers,,,,,Braves offense explodes and and clinch postseason,,1,1,6,4,0,0,0,0,0,11,10,1,2,0,3,0,0,0,0,0,5,6,1,3,0,,1/1/1900 6:30:00 PM,45
308183,1060825,2025 BWB Playoffs,31231227,8/6/2025,1/1/1900 6:30:00 PM,2188588,Downtown Metro,7363788,Gladiators,7363787,Kraken,,,,,"TJ hits big go-ahead 2-run homer, Parker pitches gem for win",,1,1,0,0,0,0,0,0,0,1,4,0,0,2,0,0,0,0,0,0,2,2,0,3,0,,1/1/1900 7:00:00 PM,1
308183,1060825,2025 BWB Playoffs,31231228,8/6/2025,1/1/1900 7:00:00 PM,2188588,Downtown Metro,7363787,Kraken,7363788,Gladiators,,,,,TJ solid on the mound and leads Kraken to Championship berth,,1,2,1,0,0,0,0,0,0,3,5,0,0,1,0,0,0,0,0,0,1,4,0,3,0,,1/1/1900 7:30:00 PM,2
308183,1060825,2025 BWB Playoffs,31244565,8/17/2025,1/1/1900 12:30:00 PM,2188588,Downtown Metro,7363814,Braves,7363813,Panthers,,,,,Panthers hit 2 grand slams in first and cruise to victory,,1,0,0,3,0,0,0,0,0,3,5,0,8,6,0,0,0,0,0,0,14,3,0,3,0,,1/1/1900 1:30:00 PM,3
308183,1060825,2025 BWB Playoffs,31244566,8/17/2025,1/1/1900 1:30:00 PM,2188588,Downtown Metro,7363813,Panthers,7363814,Braves,,,,,Vinny turns in phenomenal start to force Game 3,,1,0,0,0,0,0,0,0,0,0,1,1,0,6,0,0,0,0,0,0,6,5,1,3,0,,1/1/1900 2:00:00 PM,4
308183,1060825,2025 BWB Playoffs,31244569,8/17/2025,1/1/1900 2:00:00 PM,2188588,Downtown Metro,7363814,Braves,7363813,Panthers,,,,,"Peter pitches shutout, Panthers walk-off to advance",,1,0,0,0,0,0,0,0,0,0,1,0,0,0,1,0,0,0,0,0,1,1,0,3,0,,1/1/1900 2:30:00 PM,5
308183,1060825,2025 BWB Playoffs,31262301,8/23/2025,1/1/1900 6:15:00 PM,2188588,Downtown Metro,7363813,Panthers,7363787,Kraken,,,,,"Duffy hits homer, Peter throws shutout, Panthers win game 1",,1,1,0,0,0,0,0,0,0,1,3,0,0,0,0,0,0,0,0,0,0,1,0,3,0,,1/1/1900 6:50:00 PM,6
308183,1060825,2025 BWB Playoffs,31262309,8/23/2025,1/1/1900 6:50:00 PM,2188588,Downtown Metro,7363787,Kraken,7363813,Panthers,,,,,"TJ throws no-hitter, Kraken force Game 3",,1,0,2,3,0,0,0,0,0,5,5,0,0,0,0,0,0,0,0,0,0,0,1,3,0,,1/1/1900 7:30:00 PM,7
308183,1060825,2025 BWB Playoffs,31262344,8/23/2025,1/1/1900 7:30:00 PM,2188588,Downtown Metro,7363813,Panthers,7363787,Kraken,,,,,Peter pitches and hits to lead Panthers to World Series win!,,1,0,3,0,0,0,0,0,0,3,7,0,0,0,0,0,0,0,0,0,0,2,0,3,0,,1/1/1900 8:10:00 PM,8
308183,1062383,2025 All-Star Game,31338857,9/27/2025,1/1/1900 4:00:00 PM,2188588,Downtown Metro,7380588,Brookside Division,7380589,Brentwood Division,,,,,Brookside stave off Brentwood comeback to win ASG,,1,3,4,1,1,1,0,0,0,10,13,3,0,0,4,4,0,0,0,0,8,9,0,6,0,,1/1/1900 5:00:00 PM,1